,NPS_Score,NPS_Category,Timely_delivery,No_of_calls_in_an_Order,Loyalty_Years,C_Marital_Status,Tier_City,Mode_of_Payment,No_of_Items_in_Order,Gender,Order_Mode,Score_on_Food_Quality,Score_on_Order_Logistics,Menu_Presentation_Score,Score_on_Recommendations,Score_on_Delivery_Person_Friendliness
0,1,0,0,4,5,0,0,0,7,1,0,2,5,4,8,5
1,7,1,0,4,6,1,1,3,5,0,2,8,10,6,4,3
2,0,0,0,4,7,0,2,1,1,1,0,4,2,7,8,2
3,0,0,0,4,1,1,0,2,1,0,0,9,3,4,10,5
4,4,0,0,4,10,0,1,0,6,1,0,7,1,6,7,4
5,10,2,0,4,7,0,0,3,8,0,2,10,6,4,2,10
6,0,0,0,4,3,0,0,1,7,1,0,9,4,3,3,1
7,1,0,0,4,7,1,1,2,4,0,0,9,1,5,10,2
8,6,0,0,4,7,0,2,0,4,1,0,5,5,10,1,1
9,9,2,0,4,5,0,2,3,10,0,2,7,10,7,7,8
10,4,0,0,4,9,0,1,1,4,1,0,10,1,1,1,6
11,8,1,1,4,1,1,2,2,7,0,0,6,2,1,7,3
12,2,0,0,4,4,0,0,0,3,1,0,9,3,6,6,3
13,7,1,0,4,9,1,1,3,1,0,2,9,3,9,8,7
14,6,0,0,4,3,0,2,1,7,1,0,7,8,5,2,9
15,6,0,0,4,10,1,0,2,3,0,0,10,5,8,5,4
16,6,0,0,4,3,0,1,0,5,1,0,10,2,6,10,4
17,2,0,0,4,5,1,2,3,4,0,0,4,4,10,4,8
18,4,0,0,4,4,0,0,1,4,1,0,10,2,7,6,4
19,3,0,0,4,4,1,1,2,5,0,0,10,9,8,8,3
20,8,1,1,4,8,0,2,0,4,1,0,4,7,6,6,6
21,0,0,1,4,10,1,0,3,4,0,1,10,9,5,1,6
22,5,0,1,4,2,0,1,1,1,1,1,10,1,3,9,4
23,10,2,0,4,7,0,0,2,10,0,1,10,9,5,4,8
24,0,0,1,4,1,0,0,0,2,1,1,9,10,5,3,3
25,1,0,1,4,3,1,1,3,6,0,1,9,7,5,4,4
26,1,0,0,4,10,0,2,1,4,1,0,5,6,2,1,2
27,9,2,0,4,5,0,0,2,10,0,2,10,5,10,5,10
28,10,2,1,4,4,0,0,0,9,1,2,9,2,7,5,9
29,6,0,0,4,1,1,2,3,6,0,0,8,4,7,1,4
30,4,0,1,4,2,0,0,1,2,1,1,10,8,4,2,5
31,7,1,0,4,6,1,1,2,4,0,2,9,7,7,8,10
32,3,0,0,4,4,0,2,0,3,1,0,7,2,4,2,4
33,7,1,0,4,4,1,0,3,3,0,1,10,6,7,10,10
34,8,1,1,4,1,0,1,1,4,1,2,10,9,9,4,2
35,4,0,0,4,10,1,2,2,4,0,0,4,6,2,3,1
36,3,0,1,4,3,0,0,0,5,1,1,10,3,8,1,3
37,6,0,1,4,9,1,1,3,1,0,1,9,5,3,7,4
38,7,1,0,4,1,0,2,1,5,1,0,5,9,5,7,8
39,5,0,1,4,8,1,0,2,3,0,0,10,8,10,5,4
40,7,1,1,4,7,0,1,0,4,1,2,10,6,3,4,5
41,10,2,0,4,7,0,0,3,5,0,2,9,3,3,1,10
42,8,1,1,4,1,0,0,1,3,1,1,9,3,1,7,6
43,0,0,1,4,8,1,1,2,2,0,0,10,2,6,10,4
44,7,1,0,4,9,0,2,0,4,1,0,6,9,6,3,1
45,6,0,1,4,5,1,0,3,1,0,0,10,3,8,3,3
46,7,1,1,4,3,0,1,1,7,1,2,9,5,1,8,3
47,7,1,0,4,8,1,2,2,5,0,0,7,9,4,2,1
48,1,0,0,4,8,0,0,0,1,1,0,10,7,9,3,2
49,8,1,0,4,3,1,1,3,4,0,2,9,10,4,5,7
50,7,1,0,4,3,0,2,1,1,1,0,4,1,2,8,7
51,0,0,0,4,6,1,0,2,4,0,0,9,6,4,8,5
52,1,0,0,4,5,0,1,0,1,1,0,9,1,3,4,4
53,1,0,1,4,5,1,2,3,6,0,0,6,9,1,7,9
54,6,0,0,4,2,0,0,1,6,1,0,9,1,1,5,5
55,10,2,0,4,6,1,0,2,9,0,2,10,8,2,5,9
56,1,0,0,4,8,0,2,0,4,1,0,8,7,7,6,7
57,5,0,1,4,3,1,0,3,1,0,2,10,9,9,7,6
58,10,2,1,4,3,0,1,1,8,1,1,9,4,6,1,10
59,7,1,1,4,10,1,2,2,6,0,0,8,6,6,8,1
60,1,0,1,4,8,0,0,0,1,1,2,9,4,3,10,2
61,8,1,0,4,4,1,1,3,3,0,2,10,2,2,4,1
62,7,1,0,4,2,0,2,1,7,1,0,5,8,2,3,2
63,5,0,1,4,2,1,0,2,5,0,2,10,4,6,3,2
64,5,0,1,4,4,0,1,0,1,1,2,9,3,1,9,5
65,7,1,0,4,8,1,2,3,1,0,0,7,7,7,2,1
66,0,0,1,4,2,0,0,1,1,1,2,9,3,8,10,4
67,4,0,1,4,3,1,1,2,3,0,2,9,4,6,6,1
68,10,2,1,4,2,0,0,0,10,1,2,10,10,3,6,10
69,9,2,0,4,7,0,0,3,7,0,2,10,1,5,5,7
70,9,2,1,4,7,0,0,1,5,1,2,10,8,1,7,7
71,1,0,0,4,10,1,2,2,7,0,0,6,1,7,9,4
72,1,0,1,4,1,0,1,0,6,1,2,10,6,2,5,7
73,6,0,1,4,5,1,1,3,1,0,2,9,6,3,4,1
74,10,2,1,4,4,0,0,1,9,1,2,10,6,6,2,8
75,2,0,1,4,4,1,0,2,4,0,2,9,5,1,6,5
76,0,0,1,4,9,0,1,0,7,1,2,9,6,4,7,1
77,8,1,1,4,2,1,2,3,1,0,0,5,6,6,5,6
78,4,0,1,4,5,0,0,1,2,1,2,10,9,9,4,4
79,5,0,1,4,8,1,1,2,7,0,2,9,2,6,3,1
80,8,1,1,4,7,0,2,0,6,1,0,4,3,9,1,8
81,3,0,1,4,9,1,0,3,7,0,2,9,8,3,6,6
82,2,0,1,4,5,0,1,1,1,1,2,10,4,5,2,3
83,7,1,0,4,4,1,2,2,2,0,0,5,8,5,1,1
84,2,0,1,4,9,0,0,0,3,1,2,9,4,8,2,1
85,1,0,1,4,3,1,1,3,6,0,2,10,8,10,10,1
86,9,2,0,4,8,0,2,1,2,1,0,7,7,4,10,7
87,1,0,0,4,6,0,0,2,10,0,1,9,9,2,8,10
88,7,1,1,4,6,0,1,0,5,1,2,9,2,9,3,5
89,7,1,0,4,10,1,2,3,3,0,0,6,5,2,4,2
90,6,0,1,4,3,0,0,1,3,1,2,9,1,3,3,6
91,5,0,1,4,3,1,1,2,7,0,2,10,1,9,3,3
92,7,1,0,4,5,0,2,0,4,1,0,4,1,4,8,1
93,3,0,1,4,9,1,0,3,1,0,2,10,6,4,6,1
94,1,0,1,4,4,0,1,1,7,1,2,9,7,6,2,6
95,7,1,1,4,4,1,2,2,1,0,0,7,1,6,2,6
96,10,2,1,4,3,0,1,0,10,1,2,9,10,2,2,9
97,2,0,1,4,8,1,1,3,1,0,2,10,8,6,10,6
98,7,1,0,4,5,0,2,1,2,1,0,4,6,4,4,1
99,9,2,0,4,5,0,0,2,6,0,2,10,4,6,10,10
100,5,0,1,4,2,0,1,0,3,1,2,10,6,3,5,5
101,1,0,0,4,6,1,2,3,2,0,0,4,10,5,4,4
102,4,0,1,4,4,0,0,1,3,1,2,10,7,6,3,1
103,1,0,1,4,7,1,1,2,5,0,2,9,9,5,8,3
104,7,1,0,4,8,0,2,0,1,1,0,8,5,3,10,3
105,9,2,0,4,5,0,0,3,10,0,2,9,1,9,5,7
106,6,0,1,4,1,0,1,1,1,1,2,10,3,10,4,3
107,10,2,0,4,5,0,0,2,7,0,2,10,8,10,9,9
108,8,1,1,4,8,0,0,0,1,1,1,10,9,4,3,3
109,6,0,1,4,8,1,1,3,7,0,2,9,3,7,1,2
110,10,2,1,4,7,0,0,1,6,1,1,10,4,5,7,9
111,9,2,0,4,7,0,0,2,6,0,2,10,4,1,10,10
112,0,0,1,4,10,0,1,0,2,1,2,9,4,10,10,6
113,7,1,0,4,2,1,2,3,4,0,0,5,8,8,1,7
114,4,0,1,4,8,0,0,1,4,1,2,10,2,7,7,5
115,2,0,1,4,9,1,1,2,3,0,2,9,1,4,8,1
116,7,1,0,4,2,0,2,0,4,1,0,7,8,3,3,10
117,10,2,0,4,7,0,0,3,7,0,2,10,8,8,2,9
118,9,2,1,4,5,0,0,1,8,1,2,10,7,10,3,10
119,7,1,1,4,6,1,2,2,2,0,0,7,9,5,5,1
120,8,1,1,4,7,0,0,0,5,1,1,10,8,6,5,9
121,10,2,0,4,6,0,0,3,5,0,2,9,9,7,7,9
122,10,2,1,4,9,0,0,1,6,1,2,9,2,8,10,10
123,4,0,1,4,8,1,0,2,6,0,2,10,6,10,3,2
124,0,0,1,4,7,0,1,0,6,1,2,9,1,1,3,6
125,1,0,0,4,1,1,2,3,7,0,0,4,8,9,2,3
126,0,0,1,4,9,0,0,1,3,1,2,10,6,6,8,5
127,9,2,0,4,7,1,0,2,6,0,1,9,7,3,6,9
128,10,2,1,4,6,0,0,0,7,1,2,9,8,5,2,7
129,10,2,0,4,6,0,0,3,9,0,2,9,7,6,7,9
130,0,0,1,4,7,0,1,1,5,1,2,9,2,10,7,6
131,7,1,0,4,8,1,2,2,4,0,0,4,8,5,1,9
132,1,0,1,4,4,0,0,0,3,1,2,9,4,1,9,4
133,5,0,1,4,10,1,1,3,6,0,2,10,9,3,9,2
134,8,1,1,4,4,0,2,1,2,1,0,5,8,5,3,1
135,7,1,0,4,10,1,0,2,6,0,1,9,3,1,10,10
136,2,0,1,4,4,0,1,0,7,1,2,9,7,3,6,2
137,9,2,0,4,7,0,0,3,9,0,2,10,10,8,5,10
138,9,2,1,4,4,0,0,1,10,1,2,10,9,9,10,10
139,6,0,1,4,1,1,1,2,2,0,2,9,3,1,8,2
140,10,2,1,4,1,0,0,0,8,1,1,10,6,5,5,7
141,7,1,0,4,7,1,0,3,2,0,1,9,9,2,10,3
142,4,0,1,4,10,0,1,1,4,1,2,9,3,8,5,2
143,7,1,0,4,5,1,2,2,7,0,0,8,9,4,1,9
144,0,0,1,4,2,0,0,0,1,1,2,9,5,9,5,5
145,3,0,1,4,4,1,1,3,2,0,2,9,10,4,3,6
146,10,2,1,4,7,0,0,1,6,1,2,10,2,2,6,10
147,10,2,0,4,5,0,0,2,5,0,2,9,9,9,1,8
148,2,0,1,4,3,0,1,0,1,1,2,10,5,7,10,3
149,7,1,0,4,6,1,2,3,6,0,0,6,6,9,9,1
150,2,0,1,4,6,0,0,1,5,1,2,9,4,4,2,6
151,1,0,1,4,4,1,1,2,7,0,2,10,3,10,1,4
152,10,2,1,4,8,0,0,0,9,1,2,9,6,2,5,7
153,5,0,1,4,10,1,0,3,5,0,2,9,7,5,10,5
154,6,0,1,4,2,0,1,1,5,1,2,9,2,10,9,1
155,7,1,0,4,4,1,2,2,1,0,0,5,2,7,3,4
156,10,2,1,4,8,0,0,0,5,1,1,9,10,6,7,10
157,3,0,1,4,2,1,1,3,4,0,2,9,5,8,3,1
158,7,1,1,4,10,0,2,1,6,1,0,4,8,2,7,5
159,2,0,1,4,8,1,0,2,1,0,2,10,2,4,9,4
160,2,0,1,4,10,0,1,0,7,1,2,10,8,7,3,4
161,7,1,1,4,8,1,2,3,6,0,0,5,3,8,10,2
162,1,0,1,4,8,0,0,1,5,1,2,10,9,6,8,5
163,6,0,1,4,3,1,1,2,2,0,2,9,1,6,5,2
164,7,1,0,4,10,0,2,0,4,1,0,7,5,4,6,5
165,5,0,1,4,1,1,0,3,5,0,2,9,9,3,3,5
166,2,0,1,4,7,0,1,1,7,1,2,10,1,7,2,6
167,7,1,0,4,5,1,2,2,6,0,0,4,3,3,2,4
168,0,0,1,4,4,0,0,0,5,1,2,9,7,1,10,2
169,6,0,1,4,8,1,1,3,7,0,2,10,10,4,7,3
170,10,2,1,4,3,0,0,1,5,1,2,10,5,8,7,7
171,7,1,0,4,2,1,0,2,4,0,1,10,2,6,7,10
172,0,0,1,4,1,0,1,0,2,1,2,10,4,1,2,4
173,7,1,0,4,1,1,2,3,1,0,0,6,6,8,9,4
174,6,0,1,4,6,0,0,1,1,1,2,10,3,8,10,2
175,5,0,1,4,2,1,1,2,2,0,2,9,3,2,4,6
176,7,1,0,4,10,0,2,0,6,1,0,6,4,3,2,8
177,1,0,1,4,4,1,0,3,1,0,2,10,3,1,3,4
178,9,2,1,4,2,0,0,1,5,1,2,10,9,8,2,8
179,7,1,0,4,2,1,2,2,3,0,0,8,8,2,4,2
180,1,0,1,4,4,0,0,0,3,1,2,10,6,9,6,4
181,2,0,1,4,2,1,1,3,1,0,2,10,10,1,4,4
182,7,1,0,4,8,0,2,1,3,1,0,8,4,6,1,7
183,8,1,0,4,8,1,0,2,1,0,1,10,4,9,5,2
184,7,1,1,4,5,0,1,0,5,1,2,10,9,6,2,7
185,7,1,0,4,7,1,2,3,7,0,0,4,1,4,6,8
186,2,0,1,4,5,0,0,1,3,1,2,10,2,7,8,1
187,10,2,0,4,5,0,0,2,9,0,2,9,8,9,9,9
188,7,1,0,4,7,0,2,0,3,1,0,4,6,2,8,1
189,1,0,1,4,3,1,0,3,2,0,2,10,8,9,3,5
190,2,0,1,4,1,0,1,1,5,1,2,10,4,1,9,2
191,9,2,0,4,7,0,0,2,5,0,2,10,10,9,3,10
192,1,0,1,4,5,0,0,0,7,1,2,10,5,7,3,3
193,7,1,0,4,6,1,1,3,6,0,2,10,10,9,2,3
194,9,2,0,4,3,0,2,1,7,1,0,4,8,3,3,5
195,5,0,1,4,1,1,0,2,4,0,2,10,9,10,2,3
196,9,2,1,4,6,0,0,0,10,1,0,10,9,5,7,9
197,8,1,1,4,2,1,2,3,2,0,0,7,9,6,3,9
198,4,0,1,4,8,0,0,1,1,1,2,9,5,5,4,6
199,10,2,0,4,5,0,0,2,5,0,2,10,2,9,2,8
200,7,1,0,4,6,0,2,0,2,1,0,7,5,2,7,5
201,0,0,1,4,3,1,0,3,6,0,2,10,7,9,10,3
202,5,0,1,4,10,0,1,1,3,1,2,9,9,1,7,1
203,8,1,1,4,7,1,2,2,6,0,0,8,5,7,1,8
204,5,0,1,4,1,0,0,0,4,1,2,9,5,3,1,2
205,4,0,1,4,9,1,1,3,3,0,2,10,1,1,7,3
206,7,1,0,4,6,0,2,1,4,1,0,4,5,8,10,6
207,10,2,0,4,5,0,0,2,7,0,2,10,2,5,4,9
208,9,2,1,4,3,0,0,0,8,1,2,10,5,5,7,7
209,7,1,0,4,3,1,2,3,3,0,0,7,8,10,3,3
210,3,0,1,4,1,0,0,1,1,1,2,10,9,5,5,5
211,5,0,1,4,8,1,1,2,1,0,2,9,4,8,2,1
212,7,1,0,4,6,0,2,0,1,1,0,5,9,4,3,7
213,9,2,0,4,7,0,0,3,10,0,2,9,5,10,3,9
214,3,0,1,4,3,0,1,1,3,1,2,9,4,10,1,2
215,7,1,0,4,1,1,2,2,3,0,0,8,5,9,7,8
216,3,0,1,4,1,0,0,0,6,1,2,10,3,8,1,1
217,10,2,1,4,5,0,0,3,9,0,0,9,1,7,10,7
218,8,1,1,4,5,0,2,1,2,1,0,6,6,4,4,6
219,5,0,1,4,6,1,0,2,6,0,2,10,8,4,3,6
220,4,0,1,4,10,0,1,0,4,1,2,9,8,10,2,5
221,7,1,0,4,7,1,2,3,1,0,0,6,1,3,10,3
222,1,0,1,4,8,0,0,1,1,1,2,9,7,8,5,2
223,5,0,1,4,1,1,1,2,5,0,2,10,7,5,2,5
224,7,1,0,4,7,0,2,0,1,1,0,4,6,4,2,2
225,4,0,1,4,7,1,0,3,5,0,2,9,2,6,4,4
226,1,0,1,4,4,0,1,1,1,1,2,10,7,5,7,3
227,7,1,0,4,1,1,2,2,4,0,0,5,7,3,3,9
228,7,1,1,4,7,0,0,0,4,1,1,9,5,4,8,10
229,5,0,1,4,3,1,1,3,1,0,2,10,2,4,9,4
230,7,1,1,4,2,0,2,1,1,1,0,6,7,8,2,4
231,2,0,1,4,2,1,0,2,2,0,2,10,1,6,5,5
232,8,1,1,4,9,0,1,0,7,1,2,10,2,2,5,2
233,9,2,0,4,6,0,0,3,9,0,2,9,10,5,8,7
234,10,2,1,4,4,0,2,1,6,1,2,8,5,5,3,9
235,4,0,1,4,3,1,1,2,4,0,2,10,7,4,7,2
236,7,1,0,4,1,0,2,0,4,1,0,5,2,2,10,2
237,1,0,1,4,1,1,0,3,7,0,2,9,5,9,4,5
238,9,2,1,4,7,0,0,1,10,1,2,9,8,1,5,8
239,7,1,0,4,5,1,2,2,7,0,0,4,4,2,6,9
240,10,2,1,4,9,0,0,0,6,1,0,10,2,4,4,10
241,6,0,1,4,7,1,1,3,1,0,2,10,1,4,5,3
242,10,2,1,4,2,0,0,1,8,1,2,10,3,6,2,9
243,1,0,1,4,9,1,0,2,6,0,2,10,7,10,3,5
244,7,1,1,4,3,0,1,0,1,1,2,9,3,2,10,10
245,8,1,1,4,8,1,2,3,3,0,0,5,5,6,5,2
246,8,1,1,4,2,0,0,1,6,1,1,10,2,1,8,4
247,8,1,0,4,7,1,1,2,7,0,2,10,2,9,3,10
248,7,1,0,4,4,0,2,0,2,1,0,5,7,5,4,6
249,8,1,0,4,9,1,0,3,3,0,1,10,9,9,5,8
250,3,0,1,4,3,0,1,1,3,1,2,10,2,5,5,2
251,7,1,0,4,5,1,2,2,2,0,0,6,9,4,6,5
252,10,2,1,4,3,0,0,0,5,1,2,9,9,2,10,8
253,4,0,1,4,10,1,1,3,5,0,2,9,6,2,10,4
254,9,2,1,4,9,0,0,1,10,1,2,9,3,6,10,9
255,7,1,0,4,3,1,0,2,7,0,1,9,7,4,1,6
256,8,1,1,4,4,0,1,0,4,1,2,9,10,1,4,6
257,7,1,0,4,8,1,2,3,6,0,0,7,7,1,10,3
258,3,0,1,4,3,0,0,1,7,1,0,10,4,8,2,3
259,4,0,1,4,7,1,1,2,3,0,0,10,8,5,8,6
260,7,1,0,4,6,0,2,0,7,1,0,8,4,6,2,7
261,6,0,1,4,9,1,0,3,3,0,0,10,9,5,6,4
262,2,0,1,4,5,0,1,1,4,1,0,9,6,9,5,1
263,7,1,0,4,2,1,2,2,5,0,0,8,10,6,7,4
264,8,1,1,4,7,0,0,0,7,1,1,10,4,9,1,5
265,10,2,1,4,7,0,0,3,7,0,0,9,9,9,1,10
266,10,2,1,4,6,0,0,1,6,1,2,10,9,3,5,9
267,7,1,0,4,4,1,0,2,6,0,1,10,3,3,6,2
268,9,2,1,4,3,0,0,0,7,1,2,10,1,10,6,7
269,7,1,0,4,3,1,2,3,3,0,0,4,4,3,1,4
270,6,0,1,4,9,0,0,1,2,1,0,9,6,3,6,1
271,8,1,0,4,9,1,1,2,6,0,2,10,7,1,1,1
272,7,1,0,4,3,0,2,0,2,1,0,6,5,4,3,9
273,6,0,1,4,2,1,0,3,5,0,0,9,9,8,7,5
274,8,1,1,4,3,0,1,1,1,1,2,10,3,10,2,3
275,7,1,1,4,6,1,2,2,3,0,0,8,3,2,6,3
276,3,0,0,4,7,0,0,0,7,1,0,9,1,10,5,1
277,7,1,0,4,8,1,1,3,4,0,2,9,8,2,7,2
278,7,1,0,4,3,0,2,1,4,1,0,8,9,6,4,4
279,5,0,0,4,2,1,0,2,3,0,0,9,7,8,2,1
280,1,0,0,4,8,0,1,0,5,1,0,10,4,3,1,6
281,7,1,0,4,2,1,2,3,4,0,0,4,4,6,6,7
282,7,1,1,4,2,0,0,1,7,1,1,10,7,3,4,5
283,0,0,0,4,2,1,1,2,2,0,0,10,7,6,10,3
284,8,1,1,4,2,0,2,0,7,1,0,7,4,7,10,4
285,5,0,0,4,4,1,0,3,2,0,0,10,10,9,3,2
286,6,0,0,4,3,0,1,1,1,1,0,9,4,4,8,3
287,7,1,0,4,8,1,2,2,5,0,0,7,2,10,6,4
288,0,0,0,4,4,0,0,0,5,1,0,9,1,7,5,4
289,8,1,0,4,1,1,1,3,6,0,2,9,2,2,10,1
290,9,2,1,4,4,0,2,1,5,1,0,7,10,3,2,9
291,5,0,0,4,9,1,0,2,5,0,0,9,3,10,8,3
292,2,0,0,4,1,0,1,0,6,1,0,9,7,7,3,1
293,7,1,0,4,10,1,2,3,1,0,0,5,7,5,8,10
294,5,0,0,4,10,0,0,1,4,1,0,10,10,5,7,2
295,0,0,0,4,8,1,1,2,3,0,0,9,9,2,8,4
296,7,1,1,4,1,0,2,0,2,1,0,7,1,8,3,6
297,0,0,0,4,6,1,0,3,1,0,0,6,5,10,2,3
298,8,1,1,4,9,0,1,1,1,1,2,9,4,9,5,2
299,8,1,0,4,2,1,2,2,1,0,0,8,8,6,4,8
300,4,0,0,4,5,0,0,0,1,1,0,10,8,9,6,6
301,1,0,0,4,10,1,1,3,5,0,0,7,9,4,6,5
302,7,1,0,4,5,0,2,1,1,1,0,8,1,8,8,10
303,4,0,0,4,5,1,0,2,3,0,0,6,6,7,10,3
304,8,1,1,4,9,0,1,0,6,1,2,8,8,5,3,1
305,7,1,0,4,7,1,2,3,3,0,0,5,7,5,9,6
306,0,0,0,4,7,0,0,1,7,1,0,4,10,10,7,6
307,6,0,0,4,1,1,1,2,1,0,0,9,10,4,4,4
308,7,1,0,4,6,0,2,0,6,1,0,5,3,8,9,10
309,3,0,0,4,7,1,0,3,6,0,0,8,2,3,10,3
310,0,0,0,4,9,0,1,1,3,1,0,2,10,8,8,3
311,7,1,0,4,8,1,2,2,2,0,0,5,1,3,4,8
312,7,1,1,4,6,0,0,0,3,1,1,5,2,10,7,3
313,1,0,0,4,2,1,1,3,3,0,0,9,5,6,9,3
314,7,1,1,4,6,0,2,1,1,1,0,4,9,4,8,7
315,2,0,0,4,8,1,0,2,4,0,0,8,5,3,1,2
316,7,1,1,4,3,0,1,0,2,1,2,8,4,9,7,3
317,10,2,1,4,5,0,0,3,5,0,0,3,1,2,6,7
318,7,1,1,4,9,0,0,1,6,1,1,10,1,5,9,1
319,3,0,0,4,1,1,1,2,1,0,0,9,6,10,6,6
320,8,1,1,4,4,0,2,0,3,1,0,8,5,9,2,4
321,10,2,0,4,5,0,0,3,6,0,2,4,3,3,5,8
322,0,0,0,4,8,0,1,1,7,1,0,6,5,2,7,2
323,7,1,0,4,3,1,2,2,1,0,0,4,3,3,8,3
324,9,2,1,4,5,0,0,0,10,1,2,2,9,7,4,10
325,10,2,0,4,7,0,0,3,9,0,2,3,4,10,5,9
326,7,1,0,4,6,0,2,1,7,1,0,7,2,5,1,4
327,5,0,0,4,9,1,0,2,4,0,0,3,3,4,1,5
328,8,1,1,4,2,0,1,0,1,1,2,9,5,7,6,10
329,8,1,0,4,1,1,2,3,1,0,0,8,7,6,5,5
330,5,0,1,4,8,0,0,1,2,1,0,10,2,3,4,1
331,4,0,1,4,3,1,1,2,6,0,0,4,1,2,6,4
332,7,1,0,4,4,0,2,0,4,1,0,5,10,5,5,10
333,0,0,0,4,3,1,0,3,1,0,0,5,9,2,4,2
334,0,0,0,4,5,0,1,1,2,1,0,3,9,4,6,2
335,7,1,0,4,8,1,2,2,6,0,0,7,4,10,5,1
336,9,2,1,4,4,0,0,0,5,1,2,6,1,10,8,10
337,5,0,0,4,9,1,1,3,5,0,0,2,10,5,10,1
338,9,2,0,4,10,0,2,1,7,1,0,6,10,3,9,5
339,4,0,0,4,5,1,0,2,2,0,0,7,2,5,5,6
340,6,0,0,4,1,0,1,0,5,1,0,9,7,9,10,2
341,7,1,0,4,4,1,2,3,6,0,0,6,4,8,5,7
342,10,2,1,4,10,0,0,1,8,1,2,1,10,9,3,8
343,9,2,0,4,6,0,0,2,8,0,2,6,9,2,9,10
344,10,2,1,4,5,0,0,0,9,1,2,5,7,6,3,8
345,7,1,0,4,9,1,0,3,2,0,1,9,9,6,8,2
346,1,0,0,4,4,0,1,1,4,1,0,10,3,10,9,6
347,7,1,0,4,6,1,2,2,3,0,0,6,8,2,5,8
348,2,0,0,4,3,0,0,0,2,1,0,4,1,5,9,5
349,4,0,0,4,8,1,1,3,3,0,0,1,9,10,3,2
350,10,2,1,4,9,0,0,1,7,1,2,5,10,7,6,10
351,6,0,0,4,5,1,0,2,5,0,0,9,8,7,3,5
352,2,0,0,4,6,0,1,0,5,1,0,9,9,10,3,4
353,10,2,0,4,7,0,0,3,6,0,2,8,10,8,6,7
354,6,0,0,4,5,0,0,1,2,1,0,7,5,10,5,3
355,10,2,0,4,5,0,0,2,5,0,2,10,9,3,6,7
356,7,1,0,4,5,0,2,0,6,1,0,5,1,9,1,6
357,4,0,0,4,6,1,0,3,4,0,0,1,6,9,3,5
358,2,0,0,4,9,0,1,1,2,1,0,4,5,7,1,3
359,7,1,0,4,2,1,2,2,4,0,0,7,1,7,5,8
360,0,0,0,4,10,0,0,0,2,1,0,8,5,5,1,4
361,6,0,0,4,10,1,1,3,1,0,0,9,10,5,5,4
362,9,2,0,4,3,0,2,1,6,1,0,7,4,8,8,5
363,4,0,0,4,2,1,0,2,2,0,0,3,7,4,2,1
364,10,2,1,4,2,0,0,0,8,1,2,8,2,2,5,10
365,7,1,0,4,6,1,2,3,4,0,0,5,1,6,2,6
366,8,1,1,4,3,0,0,1,7,1,1,7,4,1,7,3
367,8,1,0,4,2,1,1,2,7,0,2,1,9,5,7,6
368,10,2,1,4,1,0,0,0,9,1,2,2,7,8,3,7
369,2,0,0,4,8,1,0,3,1,0,0,2,8,4,9,3
370,3,0,0,4,7,0,1,1,2,1,0,4,5,1,1,6
371,7,1,0,4,9,1,2,2,2,0,0,5,3,3,9,4
372,7,1,1,4,4,0,0,0,5,1,1,3,3,2,6,1
373,4,0,0,4,7,1,1,3,4,0,0,8,9,4,4,5
374,9,2,0,4,2,0,2,1,2,1,0,7,2,9,10,8
375,1,0,0,4,5,1,0,2,6,0,0,3,1,5,9,3
376,6,0,0,4,9,0,1,0,2,1,0,2,8,9,3,2
377,7,1,0,4,5,1,2,3,5,0,0,4,9,2,9,8
378,1,0,0,4,7,0,0,1,1,1,0,4,9,10,8,6
379,5,0,0,4,10,1,1,2,6,0,0,3,10,8,3,2
380,9,2,1,4,3,0,0,0,8,1,2,9,9,1,7,10
381,9,2,0,4,7,0,0,3,6,0,2,10,1,6,6,10
382,10,2,1,4,10,0,0,1,8,1,2,9,8,8,1,8
383,7,1,0,4,3,1,2,2,1,0,0,5,8,2,4,7
384,1,0,0,4,8,0,0,0,3,1,0,1,10,7,6,6
385,5,0,0,4,4,1,1,3,2,0,0,9,3,10,3,1
386,9,2,0,4,5,0,2,1,1,1,0,8,9,8,1,6
387,8,1,0,4,10,1,0,2,7,0,1,4,9,9,6,5
388,1,0,0,4,7,0,1,0,6,1,0,3,9,8,6,1
389,7,1,0,4,9,1,2,3,2,0,0,8,3,7,3,6
390,0,0,0,4,4,0,0,1,5,1,0,3,1,5,7,6
391,8,1,0,4,4,1,1,2,7,0,2,6,7,2,3,2
392,7,1,0,4,10,0,2,0,7,1,0,5,6,8,5,7
393,2,0,0,4,2,1,0,3,5,0,0,3,3,7,3,5
394,1,0,0,4,8,0,1,1,4,1,0,6,1,5,8,2
395,8,1,1,4,10,1,2,2,2,0,0,6,9,6,3,2
396,6,0,0,4,7,0,0,0,4,1,0,8,4,6,7,2
397,4,0,0,4,5,1,1,3,3,0,0,6,3,6,8,5
398,9,2,1,4,10,0,2,1,6,1,0,5,10,4,9,1
399,8,1,0,4,5,1,0,2,4,0,1,9,8,4,10,4
400,7,1,1,4,3,0,1,0,1,1,2,4,1,6,9,8
401,7,1,1,4,8,1,2,3,6,0,0,8,8,5,7,8
402,0,0,0,4,4,0,0,1,1,1,0,2,1,8,8,3
403,1,0,0,4,7,1,1,2,7,0,0,6,10,3,7,4
404,9,2,1,4,8,0,0,0,9,1,2,10,7,5,7,10
405,6,0,0,4,8,1,0,3,7,0,0,5,4,5,5,4
406,1,0,0,4,4,0,1,1,4,1,0,6,9,4,1,6
407,7,1,0,4,1,1,2,2,7,0,0,7,10,8,9,6
408,6,0,0,4,8,0,0,0,1,1,0,6,6,3,1,4
409,4,0,0,4,1,1,1,3,3,0,0,8,4,2,7,3
410,9,2,0,4,10,0,2,1,7,1,0,5,4,3,1,6
411,10,2,0,4,7,0,0,2,8,0,2,6,3,1,3,10
412,7,1,1,4,9,0,1,0,7,1,2,10,5,1,9,6
413,7,1,0,4,1,1,2,3,1,0,0,7,4,7,2,7
414,6,0,0,4,7,0,0,1,5,1,0,2,8,6,3,4
415,6,0,0,4,2,1,1,2,6,0,0,5,5,3,9,3
416,10,2,1,4,8,0,0,0,8,1,2,1,1,1,9,9
417,1,0,0,4,4,1,0,3,1,0,0,5,4,5,3,1
418,4,0,0,4,1,0,1,1,7,1,0,10,9,4,2,4
419,7,1,0,4,4,1,2,2,6,0,0,5,9,2,7,4
420,9,2,1,4,2,0,0,0,6,1,2,5,4,9,8,7
421,3,0,0,4,8,1,1,3,6,0,0,4,7,1,3,1
422,9,2,0,4,9,0,2,1,6,1,0,8,9,8,6,1
423,4,0,0,4,7,1,0,2,7,0,0,1,5,7,6,1
424,9,2,1,4,10,0,0,0,9,1,2,4,2,5,4,8
425,10,2,0,4,6,0,0,3,6,0,2,7,7,6,9,7
426,2,0,0,4,3,0,0,1,2,1,0,3,6,9,6,4
427,1,0,0,4,10,1,1,2,5,0,0,7,6,2,1,5
428,9,2,1,4,10,0,0,0,5,1,2,5,10,6,6,7
429,7,1,0,4,7,1,0,3,7,0,1,7,9,2,3,7
430,6,0,0,4,5,0,1,1,2,1,0,6,7,2,1,4
431,7,1,0,4,10,1,2,2,6,0,0,5,7,8,6,1
432,3,0,0,4,6,0,0,0,5,1,0,1,4,10,10,5
433,7,1,0,4,4,1,1,3,5,0,2,8,2,9,5,1
434,9,2,0,4,4,0,2,1,3,1,0,5,1,9,3,5
435,9,2,0,4,5,0,0,2,5,0,2,6,5,4,6,9
436,2,0,0,4,10,0,1,0,7,1,0,2,9,4,5,4
437,8,1,1,4,7,1,2,3,4,0,0,6,2,9,10,9
438,3,0,0,4,10,0,0,1,2,1,0,2,4,4,9,4
439,2,0,0,4,8,1,1,2,1,0,0,5,2,7,4,2
440,7,1,0,4,8,0,2,0,3,1,0,7,9,3,2,10
441,7,1,0,4,10,1,0,3,3,0,1,6,3,3,4,2
442,0,0,0,4,8,0,1,1,6,1,0,6,3,6,4,4
443,9,2,0,4,7,0,0,2,6,0,2,5,10,7,4,7
444,8,1,1,4,9,0,0,0,2,1,1,10,2,6,3,3
445,6,0,0,4,10,1,1,3,7,0,0,3,2,1,6,6
446,9,2,0,4,5,0,2,1,7,1,0,5,6,6,2,7
447,1,0,0,4,1,1,0,2,2,0,0,2,3,9,7,6
448,3,0,0,4,3,0,1,0,6,1,0,10,4,9,9,3
449,9,2,0,4,5,0,0,3,7,0,2,9,10,9,6,7
450,8,1,1,4,1,0,0,1,3,1,1,9,6,2,1,9
451,7,1,0,4,4,1,1,2,3,0,2,2,2,1,9,10
452,8,1,1,4,9,0,2,0,7,1,0,4,9,3,2,2
453,0,0,0,4,9,1,0,3,2,0,0,5,8,4,1,6
454,9,2,1,4,9,0,0,1,7,1,2,9,4,3,6,7
455,7,1,0,4,3,1,2,2,6,0,0,7,9,8,2,1
456,4,0,0,4,8,0,0,0,3,1,0,3,9,7,10,4
457,10,2,0,4,5,0,0,3,9,0,2,3,9,8,9,7
458,10,2,1,4,5,0,0,1,5,1,2,7,7,5,8,8
459,3,0,0,4,10,1,0,2,1,0,0,4,8,10,9,3
460,0,0,0,4,2,0,1,0,3,1,0,6,6,7,10,3
461,7,1,0,4,8,1,2,3,4,0,0,5,10,1,1,5
462,4,0,0,4,7,0,0,1,4,1,0,7,5,7,3,2
463,6,0,0,4,1,1,1,2,3,0,0,5,4,3,10,6
464,7,1,0,4,7,0,2,0,6,1,0,7,7,10,5,6
465,2,0,0,4,10,1,0,3,4,0,0,1,5,4,9,6
466,4,0,0,4,2,0,1,1,5,1,0,7,6,7,2,4
467,10,2,0,4,6,0,0,2,6,0,2,8,6,3,10,7
468,5,0,0,4,9,0,0,0,2,1,0,7,8,9,4,2
469,9,2,0,4,5,0,0,3,5,0,2,1,5,5,9,8
470,9,2,1,4,2,0,2,1,5,1,0,4,7,5,1,6
471,9,2,0,4,7,0,0,2,5,0,2,5,9,8,7,7
472,5,0,0,4,7,0,1,0,4,1,0,2,7,4,1,6
473,8,1,1,4,3,1,2,3,1,0,0,4,10,6,3,7
474,5,0,0,4,5,0,0,1,2,1,0,7,9,2,1,4
475,3,0,0,4,6,1,1,2,6,0,0,7,6,10,4,6
476,8,1,1,4,1,0,2,0,2,1,0,4,9,6,10,7
477,4,0,0,4,2,1,0,3,5,0,0,7,8,1,2,3
478,7,1,1,4,2,0,1,1,7,1,2,5,9,7,10,3
479,7,1,0,4,7,1,2,2,2,0,0,7,2,7,3,2
480,2,0,0,4,1,0,0,0,6,1,0,9,10,5,9,1
481,5,0,0,4,1,1,1,3,3,0,0,8,8,3,6,6
482,7,1,0,4,1,0,2,1,4,1,0,8,9,10,4,5
483,1,0,0,4,8,1,0,2,1,0,0,10,8,9,4,4
484,8,1,1,4,6,0,1,0,1,1,2,10,3,2,1,7
485,7,1,0,4,2,1,2,3,1,0,0,7,3,5,8,7
486,6,0,0,4,5,0,0,1,1,1,0,2,8,2,3,4
487,1,0,0,4,2,1,1,2,4,0,0,7,1,5,2,2
488,8,1,1,4,9,0,2,0,5,1,0,7,10,7,5,1
489,6,0,0,4,8,1,0,3,6,0,0,2,6,10,5,1
490,5,0,0,4,2,0,1,1,2,1,0,8,9,2,5,6
491,7,1,0,4,6,1,2,2,1,0,0,5,5,6,3,9
492,1,0,0,4,9,0,0,0,2,1,0,2,10,10,1,4
493,4,0,0,4,2,1,1,3,2,0,0,4,2,10,7,1
494,7,1,0,4,7,0,2,1,5,1,0,5,9,10,6,1
495,10,2,0,4,6,0,0,2,7,0,2,9,1,7,10,8
496,2,0,0,4,3,0,1,0,3,1,0,8,2,3,8,2
497,7,1,0,4,7,1,2,3,2,0,0,7,1,9,10,3
498,4,0,0,4,8,0,0,1,1,1,0,4,5,4,1,5
499,2,0,0,4,7,1,1,2,4,0,0,6,5,3,1,6
500,7,1,0,4,8,0,2,0,2,1,0,7,6,2,2,3
501,5,0,0,4,6,1,0,3,6,0,0,5,1,10,10,4
502,7,1,1,4,8,0,1,1,7,1,2,8,9,7,6,2
503,7,1,0,4,2,1,2,2,1,0,0,6,9,4,10,9
504,2,0,0,4,3,0,0,0,2,1,0,7,5,9,1,3
505,3,0,0,4,3,1,1,3,7,0,0,5,1,8,8,2
506,9,2,1,4,10,0,0,1,6,1,2,3,3,2,4,7
507,7,1,0,4,7,1,0,2,3,0,1,1,9,1,2,2
508,6,0,0,4,10,0,1,0,7,1,0,6,1,4,5,1
509,7,1,0,4,3,1,2,3,7,0,0,8,10,1,4,4
510,4,0,0,4,4,0,0,1,3,1,0,4,1,3,7,5
511,7,1,0,4,6,1,1,2,6,0,2,3,7,5,3,5
512,7,1,0,4,8,0,2,0,1,1,0,5,8,5,3,1
513,2,0,0,4,5,1,0,3,7,0,0,5,9,9,7,3
514,7,1,1,4,6,0,1,1,6,1,2,9,8,6,3,4
515,7,1,0,4,1,1,2,2,7,0,0,8,10,8,2,6
516,2,0,0,4,3,0,0,0,1,1,0,3,9,5,6,4
517,8,1,0,4,7,1,1,3,5,0,2,10,5,5,8,8
518,7,1,0,4,6,0,2,1,3,1,0,8,1,5,6,10
519,5,0,0,4,1,1,0,2,5,0,0,9,9,5,1,5
520,2,0,0,4,10,0,1,0,2,1,0,6,5,8,1,6
521,7,1,0,4,10,1,2,3,1,0,0,4,3,6,10,4
522,8,1,1,4,7,0,0,1,5,1,1,2,4,3,10,8
523,5,0,0,4,4,1,1,2,7,0,0,9,4,3,4,3
524,7,1,0,4,4,0,2,0,3,1,0,4,2,10,2,8
525,9,2,0,4,6,0,0,3,5,0,2,9,10,6,7,8
526,9,2,1,4,10,0,0,1,6,1,2,8,9,3,4,9
527,10,2,0,4,5,0,0,2,5,0,2,7,6,3,8,10
528,4,0,0,4,3,0,0,0,7,1,0,3,6,3,7,6
529,4,0,0,4,3,1,1,3,1,0,0,7,8,2,9,5
530,7,1,0,4,1,0,2,1,5,1,0,4,3,4,10,7
531,7,1,0,4,10,1,0,2,6,0,1,7,3,8,2,6
532,4,0,0,4,2,0,1,0,2,1,0,4,2,2,1,3
533,7,1,0,4,7,1,2,3,5,0,0,8,7,9,3,3
534,8,1,1,4,5,0,0,1,5,1,1,4,9,1,2,2
535,7,1,0,4,5,1,1,2,1,0,2,9,2,7,4,5
536,7,1,0,4,5,0,2,0,2,1,0,4,4,7,5,5
537,3,0,0,4,9,1,0,3,5,0,0,9,4,10,3,1
538,8,1,1,4,10,0,1,1,5,1,2,2,3,9,1,1
539,7,1,0,4,4,1,2,2,5,0,0,7,8,5,1,9
540,0,0,0,4,5,0,0,0,4,1,0,5,6,8,10,2
541,2,0,0,4,9,1,1,3,5,0,0,2,6,8,4,1
542,7,1,0,4,7,0,2,1,1,1,0,7,8,6,6,10
543,2,0,0,4,1,1,0,2,1,0,0,6,6,1,2,4
544,3,0,0,4,5,0,1,0,3,1,0,2,4,5,1,2
545,7,1,0,4,6,1,2,3,3,0,0,7,1,6,9,4
546,6,0,1,4,1,0,0,1,6,1,0,8,8,9,5,6
547,10,2,1,4,5,0,0,2,6,0,2,3,10,2,10,10
548,10,2,0,4,8,0,0,0,7,1,2,4,10,4,5,8
549,8,1,0,4,4,1,0,3,4,0,1,7,2,8,9,6
550,7,1,1,4,5,0,1,1,2,1,2,4,8,6,9,7
551,7,1,1,4,2,1,2,2,4,0,0,4,6,4,9,10
552,3,0,0,4,7,0,0,0,3,1,0,5,10,8,8,1
553,10,2,0,4,5,0,0,3,5,0,2,1,1,10,9,10
554,8,1,1,4,2,0,2,1,1,1,0,4,7,7,6,5
555,6,0,0,4,10,1,0,2,4,0,0,3,8,9,10,4
556,4,0,0,4,6,0,1,0,5,1,0,3,9,7,2,3
557,7,1,0,4,2,1,2,3,7,0,0,8,10,9,8,10
558,4,0,0,4,6,0,0,1,3,1,0,2,2,9,9,6
559,2,0,0,4,1,1,1,2,6,0,0,4,2,3,10,2
560,7,1,0,4,2,0,2,0,2,1,0,6,6,3,7,4
561,3,0,0,4,5,1,0,3,4,0,0,7,10,2,9,5
562,0,0,0,4,1,0,1,1,1,1,0,1,6,2,7,1
563,7,1,0,4,3,1,2,2,5,0,0,5,3,10,9,7
564,9,2,1,4,4,0,0,0,6,1,2,6,6,10,1,10
565,9,2,0,4,7,0,0,3,7,0,2,10,7,10,3,10
566,7,1,0,4,3,0,2,1,6,1,0,8,9,5,9,9
567,3,0,0,4,3,1,0,2,1,0,0,5,10,5,1,6
568,2,0,0,4,5,0,1,0,2,1,0,7,8,1,1,6
569,7,1,0,4,7,1,2,3,7,0,0,6,2,3,6,10
570,3,0,0,4,1,0,0,1,3,1,0,10,8,1,6,1
571,10,2,0,4,7,0,0,2,9,0,2,3,9,3,6,10
572,7,1,1,4,10,0,2,0,2,1,0,4,9,7,9,5
573,3,0,0,4,4,1,0,3,3,0,0,2,9,3,7,4
574,9,2,1,4,7,0,0,1,7,1,2,1,8,4,1,7
575,8,1,1,4,3,1,2,2,7,0,0,4,4,10,8,3
576,5,0,0,4,4,0,0,0,6,1,0,7,3,1,10,6
577,10,2,0,4,6,0,0,3,10,0,2,5,5,9,7,9
578,7,1,0,4,10,0,2,1,3,1,0,4,4,10,9,6
579,8,1,0,4,10,1,0,2,6,0,1,4,3,4,1,3
580,0,0,0,4,1,0,1,0,2,1,0,9,4,3,2,4
581,10,2,0,4,7,0,0,3,6,0,2,9,10,2,2,10
582,1,0,0,4,8,0,0,1,4,1,0,1,10,8,7,5
583,0,0,0,4,1,1,1,2,2,0,0,1,9,3,3,6
584,7,1,0,4,1,0,2,0,4,1,0,4,9,9,4,2
585,5,0,0,4,10,1,0,3,6,0,0,7,1,1,9,1
586,6,0,0,4,2,0,1,1,2,1,0,10,8,4,8,3
587,7,1,0,4,10,1,2,2,3,0,0,6,3,1,9,1
588,6,0,0,4,8,0,0,0,1,1,0,8,10,3,9,1
589,9,2,0,4,7,0,0,3,7,0,2,9,5,9,3,7
590,9,2,1,4,2,0,0,1,10,1,2,9,10,3,6,10
591,2,0,0,4,4,1,0,2,1,0,0,5,7,2,9,1
592,2,0,0,4,9,0,1,0,4,1,0,2,5,8,7,5
593,7,1,0,4,7,1,2,3,6,0,0,6,1,5,10,9
594,6,0,0,4,5,0,0,1,7,1,0,8,2,6,2,1
595,5,0,0,4,2,1,1,2,1,0,0,8,1,9,3,2
596,7,1,0,4,1,0,2,0,4,1,0,7,9,4,9,3
597,5,0,0,4,4,1,0,3,3,0,0,7,9,6,2,4
598,6,0,0,4,9,0,1,1,3,1,0,6,6,9,10,1
599,9,2,0,4,5,0,0,2,8,0,2,3,10,6,4,8
600,6,0,0,4,5,0,0,0,5,1,0,2,9,4,10,5
601,1,0,0,4,5,1,1,3,1,0,0,6,10,8,1,1
602,7,1,0,4,1,0,2,1,7,1,0,5,10,9,2,8
603,7,1,0,4,3,1,0,2,2,0,1,5,5,10,4,4
604,2,0,0,4,3,0,1,0,5,1,0,6,3,8,9,5
605,8,1,0,4,5,1,2,3,2,0,0,5,6,2,5,1
606,5,0,0,4,8,0,0,1,4,1,0,7,1,3,6,2
607,2,0,0,4,4,1,1,2,4,0,0,3,6,1,6,1
608,7,1,0,4,7,0,2,0,1,1,0,8,7,4,9,9
609,0,0,0,4,8,1,0,3,2,0,0,7,1,10,4,6
610,8,1,1,4,1,0,1,1,5,1,2,5,7,6,2,2
611,7,1,0,4,3,1,2,2,2,0,0,6,7,1,9,2
612,4,0,0,4,5,0,0,0,5,1,0,10,10,6,1,3
613,8,1,0,4,3,1,1,3,3,0,2,10,4,9,6,5
614,7,1,0,4,6,0,2,1,1,1,0,4,3,1,5,4
615,6,0,0,4,8,1,0,2,6,0,0,3,4,9,3,6
616,4,0,0,4,9,0,1,0,6,1,0,10,6,3,8,6
617,7,1,0,4,4,1,2,3,6,0,0,7,5,1,9,6
618,2,0,0,4,2,0,0,1,7,1,0,9,6,6,4,2
619,5,0,0,4,10,1,1,2,2,0,0,5,9,8,3,1
620,7,1,1,4,7,0,2,0,1,1,0,5,8,7,10,3
621,5,0,0,4,4,1,0,3,4,0,0,6,6,3,2,5
622,4,0,0,4,3,0,1,1,3,1,0,10,9,9,2,2
623,7,1,0,4,7,1,2,2,4,0,0,7,5,4,7,1
624,10,2,1,4,3,0,0,0,9,1,2,3,9,3,1,7
625,9,2,0,4,6,0,0,3,8,0,2,6,7,9,3,9
626,7,1,1,4,4,0,2,1,6,1,0,4,6,4,6,10
627,6,0,0,4,6,1,0,2,6,0,0,8,3,10,5,2
628,4,0,0,4,7,0,1,0,7,1,0,2,7,1,5,6
629,10,2,0,4,6,0,0,3,6,0,2,1,10,3,10,10
630,2,0,0,4,4,0,0,1,5,1,0,7,3,3,8,2
631,2,0,0,4,9,1,1,2,5,0,0,8,4,1,8,4
632,7,1,0,4,9,0,2,0,3,1,0,8,2,6,8,3
633,8,1,0,4,5,1,0,3,4,0,1,6,2,4,3,6
634,3,0,0,4,6,0,1,1,5,1,0,5,1,7,4,2
635,7,1,0,4,6,1,2,2,4,0,0,5,9,4,8,5
636,6,0,0,4,1,0,0,0,1,1,0,8,7,1,2,6
637,3,0,0,4,4,1,1,3,3,0,0,4,5,2,7,5
638,9,2,1,4,5,0,2,1,1,1,0,8,5,6,2,6
639,8,1,0,4,5,1,0,2,4,0,1,10,5,9,1,10
640,3,0,0,4,6,0,1,0,6,1,0,5,4,8,6,1
641,8,1,0,4,1,1,2,3,2,0,0,7,10,2,4,6
642,8,1,1,4,3,0,0,1,6,1,1,10,2,7,1,3
643,4,0,0,4,7,1,1,2,5,0,0,6,10,6,4,2
644,7,1,0,4,8,0,2,0,4,1,0,6,2,2,6,4
645,1,0,0,4,6,1,0,3,2,0,0,4,3,8,10,6
646,1,0,0,4,2,0,1,1,3,1,0,6,7,9,7,1
647,8,1,0,4,3,1,2,2,4,0,0,8,6,6,3,8
648,3,0,0,4,8,0,0,0,1,1,0,9,3,6,1,3
649,2,0,0,4,4,1,1,3,1,0,0,10,9,9,1,1
650,9,2,0,4,5,0,2,1,3,1,0,6,2,3,2,8
651,4,0,0,4,5,1,0,2,2,0,0,1,2,1,7,3
652,0,0,0,4,10,0,1,0,5,1,0,10,9,8,7,6
653,7,1,0,4,8,1,2,3,1,0,0,7,9,3,8,3
654,6,0,0,4,6,0,0,1,5,1,0,1,2,6,10,3
655,1,0,0,4,4,1,1,2,1,0,0,8,7,10,7,6
656,7,1,0,4,7,0,2,0,1,1,0,7,3,3,6,7
657,7,1,0,4,9,1,0,3,2,0,1,9,2,5,2,2
658,10,2,1,4,2,0,0,1,7,1,2,5,5,9,9,7
659,7,1,0,4,7,1,2,2,7,0,0,8,1,4,7,10
660,0,0,0,4,7,0,0,0,5,1,0,8,5,1,1,5
661,4,0,0,4,3,1,1,3,1,0,0,2,9,3,2,4
662,9,2,0,4,3,0,2,1,1,1,0,8,5,8,6,6
663,10,2,0,4,6,0,0,2,7,0,2,5,8,2,6,7
664,7,1,1,4,5,0,1,0,2,1,2,6,3,7,3,7
665,7,1,0,4,6,1,2,3,6,0,0,8,4,3,1,7
666,6,0,0,4,10,0,0,1,1,1,0,5,5,10,7,2
667,6,0,0,4,3,1,1,2,1,0,0,2,8,10,3,4
668,7,1,0,4,4,0,2,0,7,1,0,7,2,1,1,10
669,6,0,0,4,5,1,0,3,1,0,0,8,2,3,10,2
670,5,0,0,4,10,0,1,1,3,1,0,10,6,2,4,6
671,7,1,0,4,1,1,2,2,6,0,0,7,9,8,8,5
672,7,1,1,4,10,0,0,0,3,1,1,7,10,5,9,6
673,7,1,0,4,5,1,1,3,6,0,2,3,1,4,8,7
674,9,2,0,4,9,0,2,1,4,1,0,7,1,4,8,4
675,3,0,0,4,10,1,0,2,1,0,0,7,3,2,7,3
676,10,2,1,4,1,0,0,0,7,1,2,1,1,5,7,8
677,7,1,0,4,7,1,2,3,7,0,0,5,6,3,9,3
678,8,1,1,4,1,0,0,1,3,1,1,3,8,2,2,2
679,6,0,0,4,9,1,1,2,6,0,0,7,6,1,7,6
680,7,1,0,4,9,0,2,0,4,1,0,8,2,6,5,1
681,9,2,0,4,5,0,0,3,9,0,2,1,8,3,1,8
682,10,2,1,4,7,0,0,1,5,1,2,9,10,1,5,10
683,7,1,0,4,3,1,2,2,4,0,0,5,7,6,2,7
684,9,2,1,4,10,0,0,0,6,1,2,4,5,6,9,10
685,10,2,0,4,5,0,0,3,9,0,2,2,6,6,5,9
686,9,2,0,4,10,0,2,1,1,1,0,7,3,8,8,2
687,0,0,0,4,2,1,0,2,6,0,0,4,3,2,9,2
688,10,2,1,4,8,0,0,0,8,1,2,10,4,5,3,10
689,7,1,0,4,8,1,2,3,1,0,0,5,8,7,3,6
690,2,0,0,4,8,0,0,1,7,1,0,4,6,5,7,4
691,7,1,0,4,5,1,1,2,7,0,2,4,1,5,1,10
692,7,1,0,4,4,0,2,0,7,1,0,4,10,5,3,6
693,0,0,0,4,1,1,0,3,7,0,0,6,7,7,10,1
694,5,0,0,4,3,0,1,1,4,1,0,4,6,4,4,2
695,7,1,0,4,10,1,2,2,5,0,0,7,9,5,9,2
696,10,2,1,4,4,0,0,0,6,1,2,5,7,7,2,9
697,3,0,0,4,6,1,1,3,4,0,0,2,9,4,1,4
698,9,2,0,4,8,0,2,1,7,1,0,8,9,1,7,2
699,0,0,0,4,9,1,0,2,3,0,0,5,9,4,4,6
700,4,0,0,4,2,0,1,0,3,1,0,2,8,6,5,4
701,7,1,0,4,5,1,2,3,3,0,0,5,9,2,3,1
702,5,0,0,4,7,0,0,1,5,1,0,10,10,8,9,1
703,3,0,0,4,4,1,1,2,7,0,0,3,10,4,7,2
704,8,1,1,4,6,0,2,0,1,1,0,6,3,4,4,5
705,0,0,0,4,7,1,0,3,7,0,0,5,5,4,7,2
706,2,0,0,4,6,0,1,1,7,1,0,4,10,2,1,2
707,7,1,0,4,8,1,2,2,1,0,0,8,5,8,6,10
708,6,0,0,4,6,0,0,0,2,1,0,5,5,6,7,6
709,3,0,0,4,1,1,1,3,4,0,0,9,6,5,10,6
710,9,2,0,4,6,0,2,1,5,1,0,4,6,4,7,5
711,1,0,0,4,3,1,0,2,7,0,0,4,9,6,9,4
712,0,0,0,4,8,0,1,0,5,1,0,10,1,9,1,4
713,7,1,0,4,9,1,2,3,5,0,0,6,4,1,6,6
714,1,0,0,4,7,0,0,1,6,1,0,7,10,7,9,1
715,9,2,0,4,5,0,0,2,6,0,2,9,3,8,1,10
716,7,1,1,4,7,0,2,0,4,1,0,5,4,7,8,7
717,9,2,0,4,6,0,0,3,10,0,2,3,3,5,10,9
718,3,0,0,4,2,0,1,1,3,1,0,9,1,7,8,4
719,7,1,0,4,7,1,2,2,2,0,0,8,5,8,5,5
720,7,1,1,4,8,0,0,0,2,1,1,7,3,2,4,7
721,10,2,0,4,7,0,0,3,10,0,2,6,6,3,8,10
722,9,2,0,4,9,0,2,1,1,1,0,7,8,2,5,7
723,5,0,0,4,9,1,0,2,2,0,0,7,4,9,8,5
724,10,2,1,4,5,0,0,0,8,1,2,1,7,1,9,10
725,10,2,0,4,6,0,0,3,7,0,2,3,9,9,10,9
726,4,0,0,4,4,0,0,1,7,1,0,1,6,3,8,2
727,8,1,0,4,3,1,1,2,7,0,2,1,6,8,8,6
728,7,1,0,4,9,0,2,0,2,1,0,8,3,2,3,2
729,1,0,0,4,6,1,0,3,7,0,0,8,9,2,5,2
730,3,0,0,4,1,0,1,1,3,1,0,8,4,1,2,1
731,7,1,0,4,3,1,2,2,2,0,0,8,6,2,6,10
732,3,0,0,4,2,0,0,0,6,1,0,7,8,5,4,4
733,9,2,0,4,6,0,0,3,9,0,2,10,1,9,3,8
734,9,2,0,4,7,0,2,1,4,1,0,5,7,8,4,8
735,10,2,0,4,5,0,0,2,8,0,2,8,4,9,9,9
736,8,1,1,4,10,0,1,0,4,1,2,2,4,2,4,9
737,7,1,0,4,10,1,2,3,1,0,0,7,2,9,1,9
738,8,1,1,4,4,0,0,1,1,1,1,4,3,7,3,4
739,9,2,0,4,6,0,0,2,6,0,2,1,5,2,7,7
740,7,1,0,4,6,0,2,0,1,1,0,8,5,6,8,2
741,9,2,0,4,6,0,0,3,9,0,2,4,7,5,4,9
742,0,0,0,4,5,0,1,1,1,1,0,2,8,4,3,6
743,8,1,0,4,5,1,2,2,4,0,0,6,6,3,2,2
744,9,2,1,4,3,0,0,0,10,1,2,8,8,1,3,8
745,1,0,0,4,5,1,1,3,7,0,0,9,9,2,3,3
746,9,2,0,4,4,0,2,1,4,1,0,8,9,5,8,6
747,10,2,0,4,7,0,0,2,5,0,2,4,9,1,1,8
748,1,0,0,4,8,0,1,0,7,1,0,4,10,4,3,5
749,7,1,0,4,10,1,2,3,5,0,0,8,10,8,8,9
750,7,1,1,4,5,0,0,1,3,1,1,10,5,7,3,9
751,6,0,0,4,9,1,1,2,7,0,0,3,5,7,4,1
752,7,1,0,4,5,0,2,0,6,1,0,5,7,3,6,6
753,2,0,0,4,4,1,0,3,7,0,0,2,9,7,2,4
754,5,0,0,4,4,0,1,1,2,1,0,3,6,4,7,6
755,7,1,0,4,7,1,2,2,4,0,0,8,8,9,10,10
756,6,0,0,4,9,0,0,0,4,1,0,5,6,6,6,6
757,8,1,0,4,2,1,1,3,6,0,2,10,9,3,9,8
758,9,2,1,4,5,0,2,1,1,1,0,8,4,10,8,3
759,3,0,0,4,4,1,0,2,2,0,0,10,9,8,2,2
760,6,0,0,4,6,0,1,0,1,1,0,2,1,4,7,4
761,7,1,0,4,10,1,2,3,4,0,0,7,8,5,4,6
762,10,2,1,4,8,0,1,1,9,1,2,5,6,10,2,7
763,2,0,0,4,5,1,1,2,5,0,0,2,4,7,3,5
764,7,1,1,4,10,0,2,0,7,1,0,7,1,2,5,5
765,4,0,0,4,8,1,0,3,6,0,0,3,4,7,6,3
766,0,0,0,4,9,0,1,1,1,1,0,7,9,10,5,4
767,7,1,0,4,8,1,2,2,5,0,0,7,4,8,7,1
768,4,0,0,4,1,0,0,0,7,1,0,8,7,10,5,1
769,5,0,0,4,2,1,1,3,6,0,0,9,9,4,1,6
770,9,2,0,4,9,0,2,1,5,1,0,6,3,6,2,8
771,1,0,0,4,5,1,0,2,2,0,0,5,1,4,10,3
772,9,2,1,4,1,0,0,0,5,1,2,5,8,9,8,7
773,7,1,0,4,7,1,2,3,6,0,0,5,7,8,10,5
774,6,0,0,4,7,0,0,1,6,1,0,1,8,5,8,2
775,10,2,0,4,7,0,0,2,7,0,2,6,3,10,4,9
776,9,2,1,4,2,0,0,0,8,1,2,8,5,10,10,7
777,3,0,0,4,7,1,0,3,2,0,0,1,3,6,10,4
778,9,2,1,4,1,0,0,1,9,1,2,8,8,10,6,7
779,7,1,0,4,2,1,2,2,4,0,0,8,1,8,9,7
780,5,0,0,4,8,0,0,0,4,1,0,1,8,7,3,3
781,0,0,0,4,1,1,1,3,2,0,0,2,4,1,10,3
782,9,2,0,4,5,0,2,1,7,1,0,4,8,10,3,9
783,2,0,0,4,10,1,0,2,1,0,0,2,1,9,8,3
784,4,0,0,4,8,0,1,0,4,1,0,7,9,3,4,3
785,7,1,0,4,2,1,2,3,6,0,0,6,10,1,8,3
786,3,0,0,4,9,0,0,1,2,1,0,3,2,5,7,3
787,0,0,0,4,5,1,1,2,7,0,0,3,8,5,2,5
788,7,1,0,4,2,0,2,0,7,1,0,6,8,4,9,5
789,6,0,0,4,6,1,0,3,2,0,0,1,6,10,1,5
790,7,1,1,4,6,0,1,1,5,1,2,10,9,9,2,5
791,9,2,0,4,6,0,1,2,7,0,2,2,3,7,10,9
792,8,1,1,4,1,0,0,0,1,1,1,8,5,8,1,3
793,1,0,0,4,6,1,1,3,1,0,0,2,3,10,3,5
794,9,2,1,4,2,0,2,1,6,1,0,8,4,8,6,3
795,9,2,0,4,7,0,0,2,7,0,2,3,4,8,9,9
796,10,2,1,4,10,0,0,0,5,1,2,10,1,3,9,7
797,7,1,0,4,1,1,2,3,2,0,0,5,4,4,2,5
798,5,0,0,4,3,0,0,1,1,1,0,9,7,3,1,1
799,6,0,0,4,1,1,1,2,1,0,0,1,10,1,1,5
800,7,1,0,4,10,0,2,0,3,1,0,7,8,8,3,7
801,6,0,0,4,7,1,0,3,6,0,0,7,10,5,8,3
802,8,1,1,4,2,0,1,1,1,1,2,7,4,8,3,8
803,7,1,0,4,4,1,2,2,6,0,0,4,4,9,6,6
804,10,2,1,4,7,0,0,0,6,1,2,2,10,10,3,7
805,0,0,0,4,5,1,1,3,7,0,0,8,9,10,9,4
806,9,2,0,4,4,0,2,1,3,1,0,4,2,2,8,8
807,4,0,0,4,5,1,0,2,7,0,0,5,8,2,7,6
808,1,0,0,4,2,0,1,0,6,1,0,8,2,3,7,6
809,7,1,0,4,1,1,2,3,2,0,0,4,4,4,10,7
810,8,1,1,4,10,0,0,1,3,1,1,10,1,8,7,10
811,10,2,0,4,7,0,0,2,9,0,2,8,3,8,8,8
812,10,2,1,4,10,0,0,0,10,1,2,5,6,10,2,9
813,7,1,0,4,4,1,0,3,6,0,1,7,3,6,4,2
814,2,0,0,4,7,0,1,1,5,1,0,6,5,2,4,6
815,7,1,0,4,10,1,2,2,3,0,0,4,10,8,3,5
816,5,0,0,4,6,0,0,0,4,1,0,9,8,10,3,1
817,1,0,0,4,9,1,1,3,4,0,0,9,4,9,9,5
818,9,2,0,4,6,0,2,1,1,1,0,5,1,4,6,6
819,9,2,0,4,7,0,0,2,8,0,2,6,2,2,10,10
820,6,0,0,4,6,0,1,0,6,1,0,5,3,6,8,6
821,7,1,0,4,10,1,2,3,7,0,0,4,8,8,3,5
822,5,0,0,4,2,0,0,1,5,1,0,5,1,3,5,2
823,4,0,0,4,2,1,1,2,3,0,0,10,9,2,10,5
824,7,1,0,4,10,0,2,0,5,1,0,6,1,5,5,10
825,10,2,0,4,5,0,0,3,10,0,2,7,4,6,2,8
826,2,0,0,4,6,0,1,1,2,1,0,8,9,6,10,6
827,9,2,0,4,7,0,0,2,6,0,2,7,1,4,7,10
828,7,1,1,4,3,0,0,0,7,1,1,1,4,2,4,8
829,10,2,0,4,5,0,0,3,7,0,2,7,6,5,3,9
830,9,2,0,4,6,0,2,1,3,1,0,4,3,1,8,3
831,3,0,0,4,2,1,0,2,1,0,0,1,6,2,4,2
832,1,0,0,4,9,0,1,0,7,1,0,7,7,1,5,6
833,7,1,0,4,7,1,2,3,4,0,0,4,6,10,8,1
834,1,0,0,4,4,0,0,1,2,1,0,2,5,5,8,3
835,0,0,0,4,10,1,1,2,4,0,0,4,4,3,4,3
836,7,1,0,4,8,0,2,0,6,1,0,6,2,9,7,10
837,6,0,0,4,8,1,0,3,6,0,0,10,9,9,9,3
838,7,1,1,4,5,0,1,1,1,1,2,2,3,4,2,4
839,7,1,0,4,3,1,2,2,2,0,0,8,9,3,8,1
840,7,1,1,4,4,0,0,0,2,1,1,6,1,9,2,6
841,3,0,0,4,10,1,1,3,1,0,0,9,5,7,10,1
842,10,2,1,4,5,0,0,1,9,1,2,7,8,9,3,8
843,4,0,0,4,4,1,0,2,1,0,0,1,6,3,7,6
844,9,2,1,4,2,0,0,0,8,1,2,2,1,9,8,9
845,7,1,0,4,2,1,2,3,4,0,0,8,6,3,1,10
846,4,0,0,4,10,0,0,1,5,1,0,5,6,7,9,3
847,8,1,0,4,5,1,1,2,6,0,2,6,4,9,4,6
848,7,1,0,4,2,0,2,0,3,1,0,5,6,10,6,1
849,2,0,0,4,7,1,0,3,1,0,0,8,5,7,6,6
850,5,0,0,4,7,0,1,1,6,1,0,10,7,8,9,2
851,7,1,0,4,10,1,2,2,2,0,0,4,10,8,5,10
852,3,0,0,4,8,0,0,0,1,1,0,5,6,2,9,4
853,5,0,0,4,9,1,1,3,3,0,0,6,5,8,4,5
854,10,2,1,4,6,0,0,1,10,1,2,8,3,5,7,7
855,6,0,0,4,9,1,0,2,1,0,0,4,10,7,2,2
856,3,0,0,4,9,0,1,0,5,1,0,1,4,1,3,5
857,7,1,0,4,3,1,2,3,6,0,0,5,9,9,2,9
858,5,0,0,4,7,0,0,1,7,1,0,4,10,5,1,1
859,8,1,0,4,4,1,1,2,6,0,2,7,7,5,8,8
860,7,1,0,4,1,0,2,0,2,1,0,5,6,1,1,6
861,3,0,0,4,4,1,0,3,3,0,0,6,4,10,3,4
862,7,1,1,4,5,0,1,1,1,1,2,2,4,7,6,3
863,7,1,0,4,7,1,2,2,7,0,0,8,5,3,2,3
864,5,0,0,4,10,0,0,0,6,1,0,5,2,2,7,3
865,0,0,0,4,10,1,1,3,3,0,0,7,6,7,4,5
866,9,2,1,4,10,0,2,1,6,1,0,5,3,9,1,9
867,3,0,0,4,3,1,0,2,4,0,0,2,5,5,10,6
868,8,1,1,4,1,0,1,0,5,1,2,2,5,8,3,6
869,7,1,0,4,2,1,2,3,7,0,0,8,1,1,1,6
870,1,0,0,4,3,0,0,1,7,1,0,5,3,2,3,6
871,5,0,0,4,10,1,1,2,5,0,0,8,3,3,9,5
872,7,1,0,4,4,0,2,0,4,1,0,5,5,9,10,6
873,7,1,0,4,2,1,0,3,1,0,1,1,10,3,9,2
874,0,0,0,4,2,0,1,1,3,1,0,5,5,2,1,1
875,9,2,0,4,6,0,0,2,10,0,2,10,3,4,2,7
876,6,0,0,4,10,0,0,0,2,1,0,8,2,4,7,2
877,0,0,0,4,8,1,1,3,2,0,0,6,4,5,2,6
878,9,2,0,4,4,0,2,1,1,1,0,5,9,10,5,8
879,7,1,0,4,6,1,0,2,7,0,1,8,5,8,10,3
880,5,0,0,4,1,0,1,0,4,1,0,1,9,7,3,3
881,7,1,0,4,3,1,2,3,7,0,0,4,3,3,9,2
882,6,0,0,4,7,0,0,1,6,1,0,4,2,4,5,3
883,7,1,0,4,10,1,1,2,3,0,2,2,4,1,5,10
884,7,1,0,4,6,0,2,0,3,1,0,8,1,3,10,3
885,1,0,0,4,6,1,0,3,3,0,0,10,4,2,3,2
886,7,1,1,4,2,0,1,1,3,1,2,9,1,4,1,3
887,8,1,0,4,8,1,2,2,5,0,0,8,4,8,5,9
888,6,0,0,4,6,0,0,0,1,1,0,1,6,1,5,4
889,3,0,0,4,2,1,1,3,2,0,0,6,10,4,8,4
890,9,2,0,4,5,0,2,1,1,1,0,5,8,1,4,1
891,6,0,0,4,4,1,0,2,6,0,0,6,3,9,7,4
892,3,0,0,4,7,0,1,0,1,1,0,10,8,4,5,4
893,7,1,0,4,1,1,2,3,2,0,0,5,3,1,2,2
894,8,1,1,4,10,0,0,1,7,1,1,8,6,10,10,9
895,1,0,0,4,9,1,1,2,4,0,0,2,10,9,1,6
896,8,1,1,4,6,0,2,0,1,1,0,8,1,8,4,1
897,8,1,0,4,5,1,0,3,7,0,1,10,4,2,3,5
898,0,0,0,4,1,0,1,1,1,1,0,4,7,9,7,6
899,7,1,0,4,6,1,2,2,2,0,0,4,7,8,2,6
900,7,1,1,4,6,0,0,0,1,1,1,7,9,5,4,1
901,3,0,0,4,9,1,1,3,2,0,0,1,4,2,1,6
902,9,2,0,4,7,0,2,1,4,1,0,4,1,1,4,2
903,4,0,0,4,6,1,0,2,7,0,0,9,10,2,7,6
904,0,0,0,4,3,0,1,0,4,1,0,10,1,6,7,6
905,7,1,0,4,8,1,2,3,2,0,0,8,7,3,3,9
906,8,1,1,4,6,0,0,1,4,1,1,7,6,3,1,6
907,0,0,0,4,3,1,1,2,3,0,0,1,10,7,1,1
908,7,1,0,4,8,0,2,0,5,1,0,8,5,2,8,3
909,7,1,0,4,1,1,0,3,6,0,1,2,10,2,5,8
910,3,0,0,4,10,0,1,1,1,1,0,1,10,8,6,6
911,7,1,0,4,4,1,2,2,7,0,0,7,7,8,10,5
912,6,0,0,4,7,0,0,0,3,1,0,6,9,1,1,4
913,5,0,0,4,10,1,1,3,5,0,0,3,10,8,4,2
914,9,2,1,4,9,0,2,1,2,1,0,4,4,1,2,7
915,3,0,0,4,9,1,0,2,5,0,0,5,7,2,4,3
916,5,0,0,4,4,0,1,0,5,1,0,6,8,5,7,3
917,7,1,0,4,9,1,2,3,1,0,0,6,6,5,7,4
918,10,2,1,4,3,0,0,1,6,1,2,9,8,1,7,9
919,7,1,0,4,7,1,1,2,5,0,2,7,5,10,9,1
920,7,1,0,4,6,0,2,0,2,1,0,5,9,2,4,10
921,6,0,0,4,8,1,0,3,5,0,0,8,8,1,9,2
922,6,0,0,4,7,0,1,1,4,1,0,3,7,6,4,6
923,7,1,0,4,7,1,2,2,7,0,0,7,3,10,1,3
924,2,0,0,4,1,0,0,0,2,1,0,9,3,3,4,2
925,1,0,0,4,3,1,1,3,3,0,0,3,8,1,3,1
926,9,2,0,4,9,0,2,1,7,1,0,8,8,5,10,3
927,1,0,0,4,2,1,0,2,2,0,0,5,4,4,4,5
928,10,2,1,4,7,0,0,0,5,1,2,10,4,5,5,10
929,7,1,0,4,2,1,2,3,7,0,0,6,7,6,5,10
930,7,1,1,4,10,0,0,1,2,1,1,10,1,6,10,7
931,9,2,0,4,5,0,0,2,9,0,2,2,5,4,8,7
932,7,1,0,4,7,0,2,0,4,1,0,7,6,7,4,9
933,1,0,0,4,5,1,0,3,5,0,0,9,4,9,1,1
934,6,0,0,4,5,0,1,1,4,1,0,1,2,9,7,3
935,7,1,0,4,2,1,2,2,6,0,0,4,2,6,1,7
936,7,1,1,4,5,0,0,0,4,1,1,2,9,1,7,2
937,5,0,0,4,9,1,1,3,7,0,0,8,10,7,1,1
938,9,2,0,4,9,0,2,1,1,1,0,6,4,5,8,8
939,9,2,0,4,7,0,0,2,6,0,2,4,4,10,8,10
940,2,0,0,4,7,0,1,0,7,1,0,9,8,10,1,5
941,9,2,0,4,5,0,0,3,5,0,2,10,10,5,3,9
942,5,0,0,4,4,0,0,1,5,1,0,9,5,5,7,4
943,2,0,0,4,2,1,1,2,6,0,0,1,7,9,7,3
944,8,1,1,4,9,0,2,0,7,1,0,5,8,8,8,10
945,7,1,0,4,3,1,0,3,2,0,1,8,2,8,1,4
946,7,1,1,4,7,0,1,1,5,1,2,2,8,10,2,4
947,7,1,0,4,3,1,2,2,7,0,0,5,4,9,2,10
948,6,0,0,4,8,0,0,0,6,1,0,3,10,6,7,3
949,2,0,0,4,6,1,1,3,2,0,0,1,6,9,8,3
950,9,2,1,4,9,0,0,1,10,1,2,5,9,3,8,9
951,0,0,0,4,7,1,0,2,4,0,0,2,9,8,5,6
952,4,0,0,4,9,0,1,0,2,1,0,5,10,8,2,3
953,7,1,0,4,9,1,2,3,2,0,0,4,2,8,10,8
954,9,2,1,4,1,0,0,1,5,1,2,8,1,3,5,8
955,2,0,0,4,10,1,1,2,7,0,0,4,5,4,9,2
956,10,2,1,4,9,0,0,0,9,1,2,5,9,3,6,8
957,8,1,0,4,6,1,0,3,5,0,1,8,4,9,9,8
958,10,2,1,4,1,0,0,1,8,1,2,7,1,7,10,8
959,9,2,0,4,7,0,0,2,8,0,2,10,4,5,3,7
960,8,1,1,4,7,0,0,0,6,1,1,2,2,3,3,8
961,10,2,0,4,6,0,0,3,7,0,2,3,9,5,6,8
962,9,2,0,4,5,0,2,1,3,1,0,5,1,2,7,6
963,6,0,0,4,8,1,0,2,1,0,0,1,3,7,5,6
964,3,0,0,4,3,0,1,0,2,1,0,9,6,5,6,1
965,7,1,0,4,9,1,2,3,1,0,0,7,4,9,10,2
966,3,0,0,4,7,0,0,1,1,1,0,5,8,3,6,6
967,6,0,0,4,7,1,1,2,5,0,0,4,10,10,2,4
968,7,1,0,4,8,0,2,0,2,1,0,8,6,3,10,8
969,6,0,0,4,8,1,0,3,2,0,0,9,3,10,7,2
970,2,0,0,4,7,0,1,1,3,1,0,7,9,1,7,6
971,9,2,0,4,5,0,0,2,8,0,2,8,10,6,1,7
972,9,2,1,4,1,0,0,0,8,1,2,1,2,3,6,9
973,5,0,0,4,3,1,1,3,7,0,0,2,9,9,8,5
974,9,2,0,4,2,0,2,1,3,1,0,8,6,6,7,4
975,5,0,0,4,7,1,0,2,5,0,0,1,1,2,5,5
976,5,0,0,4,9,0,1,0,7,1,0,2,2,3,5,4
977,7,1,0,4,6,1,2,3,2,0,0,8,1,9,3,3
978,10,2,1,4,6,0,0,1,10,1,2,2,10,5,8,8
979,0,0,0,4,1,1,1,2,7,0,0,4,2,9,4,2
980,7,1,0,4,7,0,2,0,7,1,0,6,6,7,1,7
981,5,0,0,4,5,1,0,3,7,0,0,7,9,9,9,5
982,4,0,0,4,2,0,1,1,7,1,0,5,2,8,8,6
983,9,2,0,4,7,0,0,2,5,0,2,7,8,9,10,9
984,10,2,1,4,2,0,0,0,10,1,2,2,9,5,3,8
985,10,2,0,4,5,0,0,3,6,0,2,8,7,9,7,10
986,9,2,0,4,10,0,2,1,1,1,0,8,6,1,9,1
987,7,1,0,4,5,1,0,2,6,0,1,2,7,2,7,9
988,5,0,0,4,2,0,1,0,3,1,0,7,5,10,9,6
989,7,1,0,4,5,1,2,3,2,0,0,6,4,1,7,9
990,0,0,0,4,6,0,0,1,4,1,0,2,2,8,9,1
991,8,1,0,4,3,1,1,2,3,0,2,1,4,4,6,6
992,7,1,1,4,1,0,2,0,4,1,0,7,10,1,7,4
993,10,2,0,4,7,0,0,3,10,0,2,7,6,1,6,8
994,2,0,0,4,10,0,1,1,4,1,0,6,1,7,10,5
995,7,1,0,4,1,1,2,2,2,0,0,7,1,5,9,9
996,9,2,1,4,6,0,0,0,6,1,2,4,6,8,2,9
997,10,2,0,4,5,0,0,3,7,0,2,6,3,6,9,7
998,9,2,0,4,1,0,2,1,7,1,0,6,8,4,10,3
999,9,2,0,4,7,0,0,2,5,0,2,8,10,9,5,10
1000,1,0,0,4,8,0,1,0,7,1,0,3,8,3,2,6
1001,7,1,0,4,8,1,2,3,3,0,0,7,9,1,10,4
1002,6,0,0,4,8,0,0,1,2,1,0,8,3,1,6,4
1003,3,0,0,4,10,1,1,2,1,0,0,5,7,6,2,1
1004,7,1,0,4,1,0,2,0,4,1,0,4,1,7,8,6
1005,3,0,0,4,8,1,0,3,5,0,0,1,5,2,9,2
1006,4,0,0,4,9,0,1,1,5,1,0,10,9,10,9,4
1007,7,1,0,4,9,1,2,2,1,0,0,8,1,9,10,6
1008,1,0,0,4,8,0,0,0,5,1,0,2,4,3,1,3
1009,5,0,0,4,4,1,1,3,6,0,0,1,9,7,7,3
1010,7,1,0,4,5,0,2,1,3,1,0,5,10,7,8,5
1011,10,2,0,4,6,0,0,2,5,0,2,2,4,10,2,8
1012,3,0,0,4,6,0,1,0,3,1,0,8,9,8,1,6
1013,9,2,0,4,5,0,0,3,10,0,2,1,2,9,6,8
1014,10,2,1,4,9,0,0,1,6,1,2,9,9,9,8,7
1015,2,0,0,4,3,1,1,2,1,0,0,3,7,1,2,5
1016,7,1,0,4,9,0,2,0,7,1,0,8,5,2,3,5
1017,7,1,0,4,7,1,0,3,6,0,1,10,2,3,2,8
1018,10,2,1,4,6,0,0,1,10,1,2,3,5,4,10,8
1019,7,1,0,4,10,1,2,2,7,0,0,6,2,7,5,5
1020,2,0,0,4,6,0,0,0,3,1,0,3,10,1,1,2
1021,4,0,0,4,5,1,1,3,5,0,0,8,5,2,10,6
1022,7,1,1,4,7,0,2,1,7,1,0,7,7,5,8,6
1023,2,0,0,4,10,1,0,2,6,0,0,3,6,3,1,1
1024,1,0,0,4,4,0,1,0,3,1,0,7,6,2,2,2
1025,7,1,0,4,5,1,2,3,4,0,0,8,1,3,8,6
1026,8,1,1,4,9,0,0,1,5,1,1,7,10,9,4,4
1027,5,0,0,4,4,1,1,2,3,0,0,10,2,7,10,6
1028,7,1,0,4,1,0,2,0,7,1,0,7,8,5,7,10
1029,4,0,0,4,5,1,0,3,1,0,0,6,3,8,8,6
1030,1,0,0,4,3,0,1,1,5,1,0,1,4,8,3,4
1031,7,1,0,4,9,1,2,2,2,0,0,7,7,9,10,7
1032,5,0,0,4,9,0,0,0,1,1,0,5,2,9,10,4
1033,7,1,0,4,3,1,1,3,6,0,2,9,7,8,5,3
1034,7,1,1,4,8,0,2,1,5,1,0,6,10,6,4,2
1035,1,0,0,4,9,1,0,2,4,0,0,5,9,6,10,3
1036,3,0,0,4,2,0,1,0,4,1,0,1,1,5,6,2
1037,9,2,0,4,6,0,0,3,8,0,2,7,5,5,4,10
1038,2,0,0,4,8,0,0,1,6,1,0,8,4,2,6,1
1039,4,0,0,4,2,1,1,2,5,0,0,7,9,1,4,4
1040,8,1,1,4,8,0,2,0,3,1,0,4,8,8,4,9
1041,6,0,0,4,4,1,0,3,4,0,0,5,8,7,8,2
1042,0,0,0,4,5,0,1,1,1,1,0,6,10,10,5,2
1043,10,2,0,4,7,0,0,2,9,0,2,7,7,1,5,9
1044,8,1,1,4,2,0,0,0,3,1,1,9,4,1,2,4
1045,9,2,0,4,5,0,0,3,8,0,2,3,8,6,2,10
1046,7,1,0,4,7,0,2,1,6,1,0,4,2,8,4,3
1047,3,0,0,4,8,1,0,2,7,0,0,3,9,6,7,3
1048,4,0,0,4,3,0,1,0,1,1,0,4,6,7,6,3
1049,7,1,0,4,7,1,2,3,7,0,0,8,10,10,10,10
1050,4,0,0,4,9,0,0,1,5,1,0,5,4,10,8,4
1051,1,0,0,4,8,1,1,2,5,0,0,3,7,1,10,6
1052,7,1,0,4,1,0,2,0,6,1,0,5,5,10,2,6
1053,6,0,0,4,7,1,0,3,6,0,0,1,5,7,1,1
1054,1,0,0,4,4,0,1,1,4,1,0,5,4,4,4,1
1055,7,1,0,4,5,1,2,2,6,0,0,7,1,4,3,5
1056,8,1,1,4,1,0,0,0,3,1,1,1,3,8,4,10
1057,9,2,0,4,6,0,0,3,5,0,2,8,9,9,4,10
1058,7,1,0,4,9,0,2,1,5,1,0,7,7,3,10,7
1059,0,0,0,4,2,1,0,2,4,0,0,6,3,3,1,4
1060,6,0,0,4,8,0,1,0,2,1,0,1,10,6,8,3
1061,7,1,0,4,4,1,2,3,4,0,0,4,9,5,4,7
1062,8,1,1,4,10,0,0,1,1,1,1,9,10,5,7,9
1063,3,0,0,4,6,1,1,2,4,0,0,8,8,6,8,2
1064,9,2,1,4,10,0,0,0,7,1,2,5,5,5,1,10
1065,4,0,0,4,6,1,0,3,1,0,0,3,7,5,5,4
1066,6,0,0,4,8,0,1,1,1,1,0,6,6,3,4,6
1067,10,2,0,4,6,0,0,2,5,0,2,9,5,7,4,9
1068,8,1,1,4,8,0,0,0,7,1,1,2,9,7,1,10
1069,0,0,0,4,10,1,1,3,4,0,0,5,2,10,9,4
1070,10,2,1,4,3,0,0,1,7,1,2,1,4,10,10,7
1071,5,0,0,4,8,1,0,2,5,0,0,9,3,3,10,5
1072,10,2,1,4,9,0,0,0,7,1,2,3,3,3,9,8
1073,7,1,0,4,3,1,2,3,5,0,0,6,5,8,4,4
1074,6,0,0,4,2,0,0,1,6,1,0,4,2,10,10,4
1075,4,0,0,4,8,1,1,2,1,0,0,1,9,2,3,2
1076,7,1,0,4,1,0,2,0,5,1,0,5,9,1,8,8
1077,1,0,0,4,10,1,0,3,6,0,0,9,8,8,10,4
1078,3,0,0,4,7,0,1,1,2,1,0,4,1,7,7,2
1079,10,2,0,4,5,0,0,2,6,0,2,1,1,1,7,7
1080,6,0,0,4,6,0,0,0,6,1,0,6,4,5,7,6
1081,9,2,0,4,5,0,0,3,9,0,2,7,10,6,5,10
1082,10,2,1,4,7,0,0,1,7,1,2,9,7,3,9,8
1083,1,0,0,4,6,1,0,2,6,0,0,5,5,1,7,5
1084,0,0,0,4,2,0,1,0,5,1,0,7,2,1,10,6
1085,7,1,0,4,4,1,2,3,2,0,0,7,9,10,6,8
1086,9,2,1,4,9,0,0,1,9,1,2,9,9,4,3,8
1087,5,0,0,4,10,1,1,2,5,0,0,2,9,1,8,4
1088,7,1,0,4,4,0,2,0,3,1,0,4,6,5,6,1
1089,4,0,0,4,8,1,0,3,7,0,0,8,1,2,5,2
1090,9,2,1,4,9,0,0,1,7,1,2,8,3,2,7,8
1091,7,1,0,4,8,1,2,2,3,0,0,5,10,6,10,8
1092,0,0,0,4,3,0,0,0,4,1,0,8,1,6,5,4
1093,3,0,0,4,10,1,1,3,6,0,0,1,7,5,9,1
1094,7,1,0,4,5,0,2,1,6,1,0,4,3,2,6,9
1095,10,2,0,4,7,0,1,2,5,0,2,6,5,8,2,7
1096,4,0,0,4,10,0,1,0,7,1,0,8,2,1,6,3
1097,7,1,0,4,5,1,2,3,7,0,0,8,6,2,10,9
1098,6,0,0,4,9,0,0,1,7,1,0,7,2,4,4,4
1099,9,2,0,4,7,0,0,2,10,0,2,8,3,8,8,9
1100,7,1,0,4,1,0,2,0,2,1,0,7,5,2,2,5
1101,8,1,0,4,9,1,0,3,6,0,1,1,5,3,4,7
1102,8,1,1,4,5,0,1,1,3,1,2,6,8,6,6,9
1103,7,1,0,4,7,1,2,2,6,0,0,8,10,4,6,10
1104,1,0,0,4,6,0,0,0,4,1,0,2,2,4,1,3
1105,9,2,0,4,5,0,0,3,10,0,2,8,4,7,8,7
1106,9,2,1,4,7,0,0,1,10,1,2,1,10,10,5,9
1107,8,1,0,4,2,1,0,2,1,0,1,1,9,1,2,9
1108,6,0,0,4,6,0,1,0,3,1,0,2,4,2,3,4
1109,7,1,0,4,6,1,2,3,5,0,0,7,5,8,1,8
1110,4,0,0,4,10,0,0,1,1,1,0,10,6,7,6,2
1111,10,2,0,4,7,0,0,2,10,0,2,10,6,3,9,10
1112,7,1,0,4,9,0,2,0,2,1,0,8,3,2,1,9
1113,9,2,0,4,7,0,0,3,7,0,2,5,3,10,8,9
1114,2,0,0,4,8,0,1,1,1,1,0,2,8,5,6,6
1115,8,1,0,4,8,1,2,2,1,0,0,6,6,1,7,7
1116,6,0,0,4,7,0,0,0,1,1,0,8,9,6,10,5
1117,1,0,0,4,4,1,1,3,3,0,0,4,8,8,3,3
1118,7,1,0,4,6,0,2,1,3,1,0,4,6,2,3,1
1119,4,0,0,4,5,1,0,2,2,0,0,5,7,4,3,2
1120,0,0,0,4,7,0,1,0,2,1,0,8,1,7,6,5
1121,7,1,0,4,4,1,2,3,1,0,0,6,9,1,5,4
1122,8,1,1,4,10,0,0,1,4,1,1,2,5,4,5,3
1123,10,2,0,4,5,0,0,2,10,0,2,5,8,5,5,8
1124,7,1,0,4,2,0,2,0,7,1,0,8,10,3,8,2
1125,6,0,0,4,9,1,0,3,6,0,0,7,1,9,9,6
1126,8,1,1,4,3,0,1,1,4,1,2,7,2,10,3,7
1127,7,1,0,4,5,1,2,2,4,0,0,8,7,10,7,2
1128,7,1,1,4,8,0,0,0,4,1,1,8,4,6,7,8
1129,5,0,0,4,8,1,1,3,1,0,0,7,6,5,7,4
1130,7,1,0,4,8,0,2,1,6,1,0,4,9,7,7,3
1131,4,0,0,4,8,1,0,2,3,0,0,10,9,9,3,3
1132,1,0,0,4,3,0,1,0,3,1,0,3,9,2,10,1
1133,9,2,0,4,7,0,0,3,5,0,2,6,5,8,10,10
1134,3,0,0,4,4,0,0,1,2,1,0,3,4,5,8,4
1135,5,0,0,4,5,1,1,2,7,0,0,5,6,8,8,3
1136,7,1,0,4,7,0,2,0,1,1,0,8,8,7,4,4
1137,1,0,0,4,9,1,0,3,4,0,0,5,4,1,10,4
1138,9,2,1,4,6,0,0,1,9,1,2,1,4,6,6,9
1139,9,2,0,4,6,0,0,2,9,0,2,5,2,2,1,7
1140,3,0,0,4,3,0,0,0,5,1,0,3,6,6,1,1
1141,0,0,0,4,4,1,1,3,7,0,0,3,9,5,9,1
1142,8,1,1,4,8,0,2,1,4,1,0,4,4,10,2,8
1143,4,0,0,4,3,1,0,2,6,0,0,8,9,9,6,4
1144,5,0,0,4,6,0,1,0,1,1,0,5,3,9,7,6
1145,7,1,0,4,9,1,2,3,2,0,0,7,10,4,1,1
1146,1,0,0,4,1,0,0,1,2,1,0,1,1,6,10,6
1147,5,0,0,4,9,1,1,2,3,0,0,10,3,8,5,4
1148,7,1,0,4,7,0,2,0,3,1,0,8,2,2,1,8
1149,1,0,0,4,6,1,0,3,6,0,0,8,3,10,3,2
1150,5,0,0,4,2,0,1,1,6,1,0,2,1,2,1,2
1151,10,2,0,4,6,0,0,2,9,0,2,3,7,3,2,9
1152,10,2,1,4,9,0,0,0,6,1,2,6,8,1,5,10
1153,1,0,0,4,1,1,1,3,7,0,0,9,8,5,10,6
1154,7,1,0,4,4,0,2,1,6,1,0,6,1,9,5,7
1155,1,0,0,4,5,1,0,2,1,0,0,7,10,3,1,3
1156,4,0,0,4,7,0,1,0,5,1,0,4,5,4,4,5
1157,10,2,0,4,5,0,0,3,5,0,2,9,3,1,8,8
1158,3,0,0,4,1,0,0,1,1,1,0,10,7,5,10,4
1159,5,0,0,4,2,1,1,2,6,0,0,5,4,10,1,4
1160,7,1,0,4,3,0,2,0,3,1,0,7,8,5,6,9
1161,2,0,0,4,8,1,0,3,1,0,0,10,5,9,2,6
1162,6,0,0,4,5,0,1,1,1,1,0,8,1,9,7,1
1163,7,1,0,4,9,1,2,2,4,0,0,7,2,5,5,2
1164,8,1,1,4,8,0,0,0,5,1,1,6,1,10,9,8
1165,7,1,0,4,1,1,1,3,4,0,2,8,3,10,1,4
1166,7,1,0,4,1,0,2,1,3,1,0,7,3,10,2,4
1167,9,2,0,4,6,0,0,2,10,0,2,7,8,5,7,9
1168,9,2,1,4,3,0,0,0,5,1,2,8,9,5,10,10
1169,7,1,0,4,7,1,2,3,2,0,0,4,3,10,2,4
1170,5,0,0,4,7,0,0,1,2,1,0,1,7,7,6,2
1171,5,0,0,4,9,1,1,2,6,0,0,9,6,2,8,5
1172,7,1,0,4,2,0,2,0,1,1,0,4,10,7,2,5
1173,3,0,0,4,9,1,0,3,7,0,0,8,2,10,6,6
1174,7,1,1,4,7,0,1,1,3,1,2,3,10,7,5,7
1175,7,1,0,4,3,1,2,2,5,0,0,7,3,3,3,10
1176,9,2,1,4,4,0,0,0,10,1,2,6,2,2,3,9
1177,4,0,0,4,5,1,1,3,5,0,0,9,2,1,9,2
1178,7,1,0,4,8,0,2,1,5,1,0,6,7,1,5,1
1179,0,0,0,4,5,1,0,2,1,0,0,9,10,8,3,2
1180,4,0,0,4,1,0,1,0,6,1,0,7,4,3,10,4
1181,7,1,0,4,6,1,2,3,5,0,0,7,10,6,2,3
1182,1,0,0,4,2,0,0,1,1,1,0,6,5,5,8,5
1183,7,1,0,4,8,1,1,2,7,0,2,6,7,2,1,7
1184,9,2,1,4,1,0,0,0,9,1,2,9,7,1,3,8
1185,5,0,0,4,4,1,0,3,6,0,0,2,5,1,10,2
1186,2,0,0,4,8,0,1,1,3,1,0,1,10,2,6,1
1187,7,1,0,4,9,1,2,2,5,0,0,5,9,4,6,3
1188,2,0,0,4,3,0,0,0,4,1,0,9,5,4,6,6
1189,7,1,0,4,6,1,1,3,7,0,2,5,2,3,2,4
1190,7,1,0,4,3,0,2,1,6,1,0,8,4,2,5,6
1191,5,0,0,4,6,1,0,2,7,0,0,2,5,9,1,1
1192,6,0,0,4,1,0,1,0,4,1,0,3,4,9,6,6
1193,9,2,0,4,7,0,0,3,5,0,2,8,4,3,6,7
1194,5,0,0,4,2,0,0,1,5,1,0,1,10,9,5,6
1195,10,2,0,4,6,0,0,2,8,0,2,3,2,3,3,7
1196,7,1,0,4,9,0,2,0,5,1,0,4,5,4,1,2
1197,9,2,0,4,6,0,0,3,10,0,2,3,3,9,9,9
1198,6,0,0,4,7,0,1,1,6,1,0,8,6,10,10,2
1199,7,1,0,4,4,1,2,2,1,0,0,7,7,6,10,8
1200,7,1,1,4,10,0,0,0,3,1,1,4,2,2,1,8
1201,7,1,0,4,10,1,1,3,3,0,2,4,2,6,7,6
1202,7,1,0,4,4,0,2,1,2,1,0,6,10,10,6,9
1203,3,0,0,4,6,1,0,2,6,0,0,1,10,10,10,2
1204,4,0,0,4,7,0,1,0,4,1,0,4,1,9,4,2
1205,7,1,0,4,5,1,2,3,2,0,0,4,1,8,4,5
1206,0,0,0,4,8,0,0,1,5,1,0,7,6,9,4,5
1207,4,0,0,4,8,1,1,2,7,0,0,6,3,8,4,1
1208,7,1,0,4,10,0,2,0,2,1,0,7,3,7,1,9
1209,10,2,0,4,7,0,0,3,6,0,2,2,10,6,10,10
1210,4,0,0,4,2,0,1,1,6,1,0,7,6,1,2,3
1211,7,1,0,4,1,1,2,2,7,0,0,5,2,8,8,6
1212,0,0,0,4,5,0,0,0,7,1,0,5,8,8,9,5
1213,2,0,0,4,7,1,1,3,6,0,0,2,8,4,6,2
1214,7,1,0,4,1,0,2,1,3,1,0,4,5,4,5,3
1215,1,0,0,4,10,1,0,2,3,0,0,7,1,9,9,5
1216,3,0,0,4,10,0,1,0,2,1,0,7,8,4,7,2
1217,7,1,0,4,10,1,2,3,3,0,0,7,4,9,2,10
1218,8,1,1,4,4,0,0,1,4,1,1,9,8,6,1,1
1219,5,0,0,4,1,1,1,2,4,0,0,3,10,7,1,2
1220,10,2,1,4,2,0,0,0,8,1,2,10,1,8,6,9
1221,8,1,0,4,8,1,0,3,3,0,1,7,1,5,4,4
1222,4,0,0,4,9,0,1,1,1,1,0,2,6,7,6,5
1223,7,1,0,4,10,1,2,2,2,0,0,4,5,2,6,5
1224,4,0,0,4,10,0,0,0,5,1,0,3,5,2,6,5
1225,0,0,0,4,9,1,1,3,5,0,0,10,7,1,6,5
1226,7,1,0,4,6,0,2,1,6,1,0,6,1,2,9,10
1227,6,0,0,4,2,1,0,2,6,0,0,9,1,8,1,5
1228,0,0,0,4,8,0,1,0,2,1,0,4,1,7,3,6
1229,8,1,0,4,8,1,2,3,3,0,0,6,5,1,7,10
1230,7,1,1,4,2,0,0,1,5,1,1,10,3,5,8,6
1231,5,0,0,4,2,1,1,2,6,0,0,6,6,4,7,3
1232,8,1,1,4,1,0,2,0,3,1,0,6,7,8,3,2
1233,2,0,0,4,2,1,0,3,4,0,0,10,3,7,7,6
1234,2,0,0,4,2,0,1,1,6,1,0,1,8,7,5,4
1235,7,1,0,4,2,1,2,2,6,0,0,8,2,4,4,3
1236,9,2,1,4,4,0,0,0,10,1,2,10,4,5,4,9
1237,6,0,0,4,9,1,1,3,1,0,0,5,7,10,9,2
1238,8,1,1,4,7,0,2,1,1,1,0,6,2,4,6,9
1239,10,2,0,4,6,0,0,2,7,0,2,6,10,10,5,9
1240,6,0,0,4,10,0,1,0,1,1,0,10,1,5,6,1
1241,8,1,0,4,5,1,2,3,7,0,0,5,5,6,3,8
1242,6,0,0,4,6,0,0,1,4,1,0,10,2,5,2,6
1243,9,2,0,4,7,0,0,2,6,0,2,2,4,9,3,8
1244,7,1,0,4,7,0,2,0,6,1,0,6,2,10,7,4
1245,9,2,0,4,7,0,0,3,7,0,2,10,7,8,8,7
1246,8,1,1,4,9,0,1,1,6,1,2,8,3,5,5,1
1247,10,2,0,4,7,0,0,2,8,0,2,7,2,3,8,10
1248,1,0,0,4,6,0,0,0,4,1,0,8,3,10,5,5
1249,5,0,0,4,5,1,1,3,4,0,0,5,3,7,5,1
1250,7,1,0,4,1,0,2,1,6,1,0,7,7,2,2,6
1251,8,1,0,4,4,1,0,2,6,0,1,9,7,2,7,1
1252,0,0,0,4,6,0,1,0,1,1,0,3,9,4,6,2
1253,7,1,0,4,6,1,2,3,1,0,0,8,5,1,7,10
1254,6,0,0,4,8,0,0,1,3,1,0,10,8,5,8,2
1255,5,0,0,4,4,1,1,2,1,0,0,10,4,1,4,1
1256,10,2,1,4,7,0,0,0,8,1,2,10,8,8,1,8
1257,10,2,0,4,6,0,0,3,10,0,2,9,7,4,4,9
1258,6,0,0,4,6,0,1,1,4,1,0,5,5,5,2,3
1259,7,1,0,4,5,1,2,2,2,0,0,8,10,2,9,2
1260,5,0,0,4,5,0,0,0,5,1,0,4,3,2,3,5
1261,8,1,0,4,4,1,1,3,6,0,2,9,8,4,3,9
1262,7,1,0,4,2,0,2,1,6,1,0,5,9,7,2,10
1263,9,2,0,4,6,0,0,2,7,0,2,8,1,2,4,10
1264,9,2,1,4,3,0,0,0,9,1,2,10,1,3,1,7
1265,7,1,0,4,5,1,2,3,3,0,0,7,10,7,8,2
1266,5,0,0,4,9,0,0,1,3,1,0,9,7,2,8,4
1267,1,0,0,4,5,1,1,2,4,0,0,3,1,3,7,2
1268,7,1,1,4,4,0,2,0,5,1,0,4,1,8,8,10
1269,7,1,0,4,8,1,0,3,2,0,1,3,3,4,8,4
1270,1,0,0,4,1,0,1,1,2,1,0,3,4,7,3,1
1271,7,1,0,4,1,1,2,2,4,0,0,7,9,2,7,6
1272,5,0,0,4,4,0,0,0,4,1,0,4,4,7,8,1
1273,6,0,0,4,4,1,1,3,6,0,0,8,1,3,6,1
1274,7,1,0,4,3,0,2,1,7,1,0,6,10,8,8,1
1275,1,0,0,4,1,1,0,2,3,0,0,8,1,4,2,5
1276,2,0,0,4,7,0,1,0,2,1,0,8,3,5,3,5
1277,7,1,0,4,5,1,2,3,7,0,0,7,6,3,5,3
1278,3,0,0,4,8,0,0,1,2,1,0,1,4,2,1,1
1279,3,0,0,4,8,1,1,2,1,0,0,4,3,5,8,2
1280,9,2,1,4,2,0,0,0,9,1,2,10,4,7,4,8
1281,2,0,0,4,1,1,0,3,3,0,0,9,8,8,3,4
1282,6,0,0,4,3,0,1,1,3,1,0,9,8,5,4,6
1283,7,1,0,4,9,1,2,2,5,0,0,4,10,2,1,8
1284,3,0,0,4,10,0,0,0,4,1,0,8,5,9,5,6
1285,9,2,0,4,5,0,0,3,10,0,2,1,10,3,8,9
1286,7,1,1,4,5,0,2,1,2,1,0,5,9,2,3,5
1287,3,0,0,4,5,1,0,2,3,0,0,5,10,9,3,4
1288,7,1,1,4,7,0,1,0,3,1,2,5,3,4,8,3
1289,10,2,0,4,5,0,0,3,10,0,2,6,4,8,7,8
1290,7,1,1,4,7,0,0,1,6,1,1,9,1,2,5,10
1291,9,2,0,4,6,0,0,2,5,0,2,7,2,10,2,10
1292,7,1,0,4,1,0,2,0,7,1,0,4,6,2,8,4
1293,2,0,0,4,10,1,0,3,6,0,0,1,8,10,1,1
1294,4,0,0,4,4,0,1,1,2,1,0,9,1,2,6,4
1295,8,1,0,4,8,1,2,2,5,0,0,4,2,6,7,10
1296,8,1,1,4,1,0,0,0,3,1,1,7,8,3,3,9
1297,3,0,0,4,9,1,1,3,3,0,0,1,6,8,9,6
1298,10,2,1,4,10,0,0,1,7,1,2,6,6,7,9,10
1299,8,1,0,4,5,1,0,2,6,0,1,2,9,3,9,4
1300,4,0,0,4,9,0,1,0,5,1,0,3,5,4,8,6
1301,7,1,0,4,6,1,2,3,1,0,0,4,7,2,6,8
1302,1,0,0,4,9,0,0,1,7,1,0,4,1,7,7,3
1303,7,1,0,4,5,1,1,2,5,0,2,5,10,7,6,10
1304,7,1,0,4,10,0,2,0,1,1,0,6,4,8,8,7
1305,6,0,0,4,8,1,0,3,3,0,0,2,6,8,7,2
1306,1,0,0,4,5,0,1,1,3,1,0,5,3,6,5,5
1307,10,2,0,4,7,0,0,2,6,0,2,7,9,10,3,10
1308,4,0,0,4,3,0,0,0,5,1,0,3,5,6,9,3
1309,4,0,0,4,7,1,1,3,7,0,0,5,8,9,5,1
1310,7,1,0,4,5,0,2,1,3,1,0,4,2,7,1,3
1311,8,1,0,4,1,1,0,2,7,0,1,8,10,4,6,4
1312,10,2,1,4,1,0,0,0,10,1,2,7,2,6,2,9
1313,7,1,0,4,4,1,2,3,4,0,0,4,2,10,8,5
1314,7,1,1,4,1,0,0,1,1,1,1,4,4,6,9,1
1315,0,0,0,4,1,1,1,2,7,0,0,8,10,3,1,3
1316,7,1,0,4,4,0,2,0,2,1,0,8,7,6,10,5
1317,2,0,0,4,10,1,0,3,6,0,0,8,4,9,2,1
1318,4,0,0,4,7,0,1,1,5,1,0,6,4,10,10,3
1319,7,1,0,4,8,1,2,2,2,0,0,5,3,5,1,8
1320,1,0,0,4,1,0,0,0,3,1,0,9,4,10,4,2
1321,7,1,0,4,6,1,1,3,1,0,2,1,10,2,8,2
1322,7,1,0,4,6,0,2,1,6,1,0,8,3,9,5,9
1323,5,0,0,4,4,1,0,2,2,0,0,10,9,1,6,3
1324,9,2,1,4,7,0,0,0,9,1,2,6,10,9,9,10
1325,7,1,0,4,6,1,2,3,2,0,0,7,1,6,7,8
1326,5,0,0,4,5,0,0,1,6,1,0,4,6,8,8,1
1327,8,1,0,4,4,1,1,2,1,0,2,5,8,4,7,1
1328,7,1,0,4,5,0,2,0,2,1,0,7,2,10,8,4
1329,0,0,0,4,10,1,0,3,6,0,0,1,8,9,3,4
1330,9,2,1,4,4,0,0,1,10,1,2,6,9,6,3,9
1331,7,1,0,4,2,1,2,2,7,0,0,6,9,3,8,9
1332,7,1,1,4,2,0,0,0,2,1,1,9,9,8,3,2
1333,6,0,0,4,7,1,1,3,4,0,0,7,2,1,5,4
1334,7,1,0,4,4,0,2,1,2,1,0,6,3,5,6,3
1335,2,0,0,4,6,1,0,2,1,0,0,1,8,2,8,6
1336,6,0,0,4,10,0,1,0,4,1,0,8,5,3,7,6
1337,7,1,0,4,3,1,2,3,3,0,0,6,6,5,2,8
1338,2,0,0,4,9,0,0,1,7,1,0,3,1,3,7,5
1339,5,0,0,4,8,1,1,2,6,0,0,10,1,4,7,5
1340,10,2,1,4,10,0,0,0,9,1,2,2,7,1,1,7
1341,9,2,0,4,6,0,0,3,8,0,2,8,9,7,6,9
1342,8,1,1,4,10,0,1,1,6,1,2,3,9,3,6,4
1343,7,1,0,4,10,1,2,2,3,0,0,7,2,7,2,9
1344,8,1,1,4,6,0,0,0,6,1,1,2,1,4,7,6
1345,10,2,0,4,6,0,0,3,8,0,2,10,6,5,1,10
1346,7,1,0,4,6,0,2,1,2,1,0,4,10,5,6,3
1347,9,2,0,4,5,0,0,2,5,0,2,8,5,3,6,10
1348,2,0,0,4,5,0,1,0,7,1,0,5,3,8,6,5
1349,7,1,0,4,6,1,2,3,3,0,0,6,3,7,9,1
1350,3,0,0,4,2,0,0,1,1,1,0,10,9,1,10,5
1351,7,1,0,4,8,1,1,2,1,0,2,3,2,2,4,2
1352,10,2,1,4,10,0,0,0,5,1,2,6,2,3,6,8
1353,1,0,0,4,2,1,0,3,2,0,0,9,6,8,8,6
1354,9,2,1,4,7,0,0,1,8,1,2,2,10,3,3,10
1355,10,2,0,4,7,0,0,2,10,0,2,1,1,3,5,7
1356,4,0,0,4,2,0,0,0,7,1,0,7,5,7,6,4
1357,7,1,0,4,5,1,1,3,2,0,2,7,2,3,8,5
1358,7,1,0,4,5,0,2,1,6,1,0,4,10,2,4,4
1359,4,0,0,4,2,1,0,2,5,0,0,2,4,1,5,5
1360,1,0,0,4,9,0,1,0,4,1,0,8,8,4,10,6
1361,7,1,0,4,10,1,2,3,1,0,0,6,5,9,10,2
1362,1,0,0,4,5,0,0,1,6,1,0,3,1,5,3,5
1363,5,0,0,4,1,1,1,2,6,0,0,10,9,6,6,3
1364,7,1,1,4,3,0,2,0,1,1,0,5,10,6,1,10
1365,6,0,0,4,7,1,0,3,6,0,0,7,3,1,10,4
1366,10,2,1,4,8,0,0,1,5,1,2,1,1,9,5,7
1367,7,1,0,4,4,1,2,2,4,0,0,5,4,4,10,2
1368,1,0,0,4,5,0,0,0,1,1,0,1,3,6,4,6
1369,4,0,0,4,9,1,1,3,4,0,0,4,5,7,2,1
1370,7,1,0,4,4,0,2,1,4,1,0,4,6,1,4,10
1371,5,0,0,4,7,1,0,2,6,0,0,2,7,8,5,1
1372,6,0,0,4,6,0,1,0,7,1,0,4,1,4,1,1
1373,8,1,0,4,8,1,2,3,2,0,0,5,3,6,5,7
1374,10,2,1,4,4,0,0,1,10,1,2,10,8,3,1,9
1375,7,1,0,4,1,1,1,2,3,0,2,5,10,6,9,3
1376,7,1,0,4,1,0,2,0,5,1,0,5,4,5,9,9
1377,10,2,0,4,7,0,0,3,7,0,2,10,5,3,7,10
1378,1,0,0,4,2,0,1,1,5,1,0,9,8,9,8,1
1379,7,1,0,4,5,1,2,2,1,0,0,5,8,3,6,6
1380,0,0,0,4,9,0,0,0,7,1,0,1,10,4,3,3
1381,8,1,0,4,1,1,1,3,5,0,2,9,10,4,4,7
1382,7,1,0,4,2,0,2,1,2,1,0,8,5,1,7,9
1383,6,0,0,4,5,1,0,2,1,0,0,6,2,3,6,4
1384,0,0,0,4,8,0,1,0,7,1,0,9,7,1,9,4
1385,7,1,0,4,1,1,2,3,1,0,0,6,6,10,2,5
1386,5,0,0,4,9,0,0,1,3,1,0,3,8,5,6,4
1387,2,0,0,4,2,1,1,2,7,0,0,8,3,7,1,6
1388,7,1,0,4,10,0,2,0,2,1,0,5,1,7,5,10
1389,10,2,0,4,6,0,0,3,9,0,2,7,9,10,5,9
1390,5,0,0,4,6,0,1,1,4,1,0,3,9,2,6,1
1391,10,2,0,4,6,0,0,2,8,0,2,1,6,3,5,7
1392,3,0,0,4,4,0,0,0,2,1,0,5,4,6,6,1
1393,1,0,0,4,8,1,1,3,2,0,0,1,4,6,6,5
1394,7,1,1,4,4,0,2,1,5,1,0,5,10,4,6,5
1395,10,2,0,4,5,0,0,2,8,0,2,8,8,6,7,8
1396,4,0,0,4,9,0,1,0,1,1,0,10,9,8,3,3
1397,7,1,0,4,6,1,2,3,1,0,0,4,3,3,6,2
1398,2,0,0,4,3,0,0,1,6,1,0,5,3,6,8,2
1399,7,1,0,4,5,1,1,2,3,0,2,8,9,10,1,10
1400,7,1,0,4,10,0,2,0,4,1,0,7,8,4,3,2
1401,7,1,0,4,3,1,0,3,6,0,1,4,7,8,9,1
1402,1,0,0,4,7,0,1,1,4,1,0,8,7,7,1,4
1403,7,1,0,4,1,1,2,2,2,0,0,6,1,8,4,10
1404,8,1,1,4,5,0,0,0,4,1,1,4,6,5,1,9
1405,1,0,0,4,4,1,1,3,2,0,0,5,2,3,5,4
1406,7,1,0,4,8,0,2,1,4,1,0,6,1,5,9,8
1407,9,2,0,4,5,0,0,2,7,0,2,8,2,2,4,8
1408,9,2,1,4,9,0,0,0,7,1,2,3,3,5,6,8
1409,7,1,0,4,6,1,2,3,2,0,0,8,5,7,4,8
1410,8,1,1,4,8,0,0,1,6,1,1,4,1,7,2,7
1411,8,1,0,4,2,1,1,2,6,0,2,4,4,4,5,10
1412,10,2,1,4,7,0,1,0,8,1,2,1,7,1,1,10
1413,5,0,0,4,9,1,0,3,1,0,0,9,9,10,10,1
1414,0,0,0,4,4,0,1,1,3,1,0,4,2,2,4,6
1415,10,2,0,4,7,0,0,2,8,0,2,9,7,9,5,10
1416,3,0,0,4,8,0,0,0,1,1,0,4,8,6,10,4
1417,5,0,0,4,8,1,1,3,7,0,0,5,2,7,3,4
1418,10,2,1,4,10,0,0,1,10,1,2,4,1,4,2,10
1419,9,2,0,4,6,0,0,2,9,0,2,9,7,2,8,8
1420,6,0,0,4,9,0,1,0,6,1,0,3,1,4,4,5
1421,7,1,0,4,10,1,2,3,1,0,0,5,3,10,7,10
1422,7,1,1,4,3,0,0,1,3,1,1,4,4,1,5,5
1423,8,1,0,4,2,1,1,2,7,0,2,3,4,10,10,5
1424,7,1,0,4,6,0,2,0,4,1,0,6,5,4,5,7
1425,1,0,0,4,5,1,0,3,7,0,0,6,1,10,7,6
1426,2,0,0,4,7,0,1,1,5,1,0,8,9,3,7,4
1427,7,1,0,4,4,1,2,2,5,0,0,8,4,6,10,10
1428,7,1,1,4,8,0,0,0,6,1,1,4,6,5,9,5
1429,6,0,0,4,3,1,1,3,7,0,0,5,5,2,2,2
1430,7,1,1,4,8,0,2,1,7,1,0,6,6,2,1,5
1431,6,0,0,4,2,1,0,2,1,0,0,9,10,9,3,4
1432,5,0,0,4,3,0,1,0,2,1,0,4,10,10,3,4
1433,10,2,0,4,7,0,0,3,7,0,2,5,9,3,1,9
1434,7,1,1,4,10,0,0,1,2,1,1,1,10,10,7,8
1435,1,0,0,4,1,1,1,2,2,0,0,2,9,8,4,6
1436,7,1,0,4,6,0,2,0,6,1,0,4,9,4,9,4
1437,10,2,0,4,5,0,1,3,6,0,2,4,6,7,1,10
1438,4,0,0,4,6,0,1,1,5,1,0,8,5,4,3,3
1439,8,1,0,4,2,1,2,2,4,0,0,7,1,5,2,5
1440,6,0,0,4,10,0,0,0,5,1,0,8,2,4,2,6
1441,10,2,0,4,7,0,0,3,7,0,2,8,1,6,3,10
1442,7,1,1,4,3,0,2,1,1,1,0,4,4,8,2,4
1443,3,0,0,4,9,1,0,2,3,0,0,8,2,9,9,1
1444,0,0,0,4,6,0,1,0,4,1,0,10,2,8,10,6
1445,7,1,0,4,1,1,2,3,1,0,0,4,1,7,9,10
1446,9,2,1,4,1,0,0,1,7,1,2,5,2,10,8,9
1447,0,0,0,4,8,1,1,2,4,0,0,1,10,5,5,5
1448,9,2,1,4,8,0,0,0,5,1,2,8,4,5,5,7
1449,6,0,0,4,1,1,0,3,4,0,0,8,5,4,5,3
1450,6,0,0,4,9,0,1,1,7,1,0,1,9,4,5,6
1451,9,2,0,4,7,0,0,2,8,0,2,2,1,1,9,10
1452,10,2,1,4,2,0,0,0,5,1,2,6,9,4,9,9
1453,8,1,0,4,4,1,1,3,3,0,2,4,7,6,7,7
1454,7,1,1,4,6,0,2,1,5,1,0,4,5,6,2,1
1455,9,2,0,4,5,0,0,2,9,0,2,5,6,5,9,8
1456,4,0,0,4,5,0,1,0,5,1,0,10,5,4,6,5
1457,7,1,0,4,4,1,2,3,5,0,0,8,6,5,5,8
1458,8,1,1,4,5,0,0,1,6,1,1,4,10,2,8,8
1459,7,1,0,4,5,1,1,2,6,0,2,8,6,8,4,3
1460,7,1,0,4,4,0,2,0,6,1,0,6,4,2,9,4
1461,7,1,0,4,10,1,0,3,5,0,1,4,3,9,8,1
1462,7,1,1,4,8,0,1,1,3,1,2,2,10,7,9,6
1463,7,1,0,4,1,1,2,2,7,0,0,5,10,9,9,10
1464,9,2,1,4,3,0,0,0,6,1,2,5,7,3,9,7
1465,8,1,0,4,1,1,1,3,4,0,2,7,5,7,10,8
1466,7,1,0,4,7,0,2,1,5,1,0,7,6,7,4,1
1467,0,0,0,4,7,1,0,2,1,0,0,7,2,8,9,4
1468,9,2,1,4,4,0,0,0,9,1,2,10,2,8,1,10
1469,7,1,0,4,6,1,2,3,2,0,0,7,10,9,3,5
1470,9,2,1,4,9,0,0,1,9,1,2,1,7,4,1,10
1471,6,0,0,4,2,1,1,2,4,0,0,6,6,9,5,6
1472,7,1,0,4,1,0,2,0,4,1,0,5,3,5,7,2
1473,10,2,0,4,6,0,0,3,6,0,2,4,9,6,2,10
1474,7,1,1,4,9,0,1,1,4,1,2,1,3,2,4,6
1475,8,1,0,4,9,1,2,2,5,0,0,6,3,3,6,7
1476,7,1,1,4,2,0,0,0,4,1,1,5,1,4,2,3
1477,1,0,0,4,3,1,1,3,2,0,0,9,6,7,2,4
1478,8,1,1,4,4,0,2,1,2,1,0,4,4,2,3,5
1479,3,0,0,4,6,1,0,2,7,0,0,8,2,8,7,3
1480,2,0,0,4,2,0,1,0,3,1,0,8,1,10,2,4
1481,9,2,0,4,7,0,0,3,7,0,2,1,10,10,5,9
1482,8,1,1,4,4,0,0,1,7,1,1,10,4,1,5,3
1483,9,2,0,4,5,0,0,2,6,0,2,2,4,7,9,9
1484,7,1,0,4,1,0,2,0,6,1,0,7,7,5,2,7
1485,4,0,0,4,5,1,0,3,5,0,0,6,3,4,9,6
1486,1,0,0,4,1,0,1,1,2,1,0,7,2,10,5,4
1487,9,2,0,4,5,0,0,2,9,0,2,10,6,2,1,8
1488,2,0,0,4,2,0,0,0,7,1,0,7,10,5,8,2
1489,6,0,0,4,3,1,1,3,1,0,0,6,1,6,4,4
1490,8,1,1,4,7,0,2,1,3,1,0,8,6,5,2,9
1491,1,0,0,4,6,1,0,2,7,0,0,10,8,10,1,2
1492,2,0,0,4,2,0,1,0,5,1,0,4,1,2,5,5
1493,7,1,0,4,1,1,2,3,1,0,0,7,4,3,6,3
1494,1,0,0,4,5,0,0,1,3,1,0,3,4,10,2,4
1495,0,0,0,4,9,1,1,2,3,0,0,3,7,6,8,2
1496,7,1,1,4,1,0,2,0,7,1,0,6,5,5,1,1
1497,7,1,0,4,5,1,0,3,4,0,1,1,10,6,5,2
1498,7,1,1,4,10,0,1,1,1,1,2,3,3,6,8,9
1499,7,1,0,4,7,1,2,2,5,0,0,5,1,4,4,5
1500,1,0,0,4,3,0,0,0,7,1,0,10,4,4,7,6
1501,3,0,0,4,1,1,1,3,3,0,0,1,1,7,1,5
1502,10,2,1,4,2,0,0,1,7,1,2,2,9,5,7,10
1503,10,2,0,4,5,0,0,2,5,0,2,3,3,3,8,7
1504,1,0,0,4,4,0,1,0,2,1,0,10,7,6,5,4
1505,7,1,0,4,6,1,2,3,3,0,0,6,9,8,4,4
1506,3,0,0,4,1,0,0,1,6,1,0,6,5,3,1,6
1507,5,0,0,4,6,1,1,2,1,0,0,5,5,6,4,3
1508,7,1,0,4,7,0,2,0,4,1,0,6,6,5,8,8
1509,5,0,0,4,9,1,0,3,1,0,0,1,9,9,5,3
1510,4,0,0,4,7,0,1,1,5,1,0,9,5,10,1,3
1511,7,1,0,4,10,1,2,2,6,0,0,6,8,4,7,6
1512,3,0,0,4,8,0,0,0,5,1,0,3,3,10,2,1
1513,4,0,0,4,4,1,1,3,7,0,0,4,4,9,4,1
1514,7,1,0,4,1,0,2,1,3,1,0,4,9,3,1,4
1515,0,0,0,4,9,1,0,2,4,0,0,2,1,1,1,3
1516,3,0,0,4,10,0,1,0,6,1,0,4,10,4,1,4
1517,7,1,0,4,6,1,2,3,7,0,0,6,6,8,8,9
1518,6,0,0,4,6,0,0,1,5,1,0,2,10,7,4,6
1519,10,2,0,4,6,0,0,2,6,0,2,4,7,2,9,7
1520,7,1,0,4,7,0,2,0,6,1,0,6,9,4,1,3
1521,8,1,0,4,3,1,0,3,2,0,1,8,8,4,5,3
1522,6,0,0,4,2,0,1,1,5,1,0,7,10,5,5,5
1523,10,2,0,4,7,0,0,2,9,0,2,7,5,9,8,7
1524,5,0,0,4,2,0,0,0,3,1,0,5,3,6,8,1
1525,2,0,0,4,10,1,1,3,6,0,0,3,1,6,1,5
1526,7,1,0,4,2,0,2,1,7,1,0,6,1,8,6,5
1527,7,1,0,4,8,1,0,2,6,0,1,6,3,2,10,3
1528,5,0,0,4,1,0,1,0,3,1,0,10,7,8,1,3
1529,7,1,0,4,9,1,2,3,6,0,0,6,10,2,9,2
1530,1,0,0,4,2,0,0,1,2,1,0,10,9,7,8,1
1531,5,0,0,4,3,1,1,2,3,0,0,8,9,4,10,6
1532,7,1,0,4,5,0,2,0,2,1,0,6,2,3,1,10
1533,10,2,0,4,5,0,0,3,6,0,2,1,1,8,4,9
1534,8,1,1,4,9,0,1,1,5,1,2,7,4,10,6,10
1535,7,1,0,4,1,1,2,2,4,0,0,4,1,5,8,10
1536,7,1,1,4,9,0,0,0,2,1,1,8,6,5,4,9
1537,7,1,0,4,3,1,1,3,3,0,2,9,10,8,10,2
1538,9,2,1,4,2,0,0,1,7,1,2,9,1,3,6,7
1539,4,0,0,4,7,1,0,2,5,0,0,1,4,3,6,2
1540,1,0,0,4,6,0,1,0,7,1,0,4,2,2,1,3
1541,7,1,0,4,1,1,2,3,3,0,0,4,1,4,4,3
1542,10,2,1,4,2,0,0,1,8,1,2,6,8,8,9,7
1543,1,0,0,4,10,1,1,2,2,0,0,10,9,8,1,1
1544,7,1,0,4,8,0,2,0,6,1,0,6,4,3,2,3
1545,6,0,0,4,7,1,0,3,6,0,0,8,7,5,2,3
1546,10,2,1,4,8,0,0,1,8,1,2,7,5,4,5,10
1547,7,1,0,4,5,1,2,2,3,0,0,7,7,8,7,4
1548,2,0,0,4,7,0,0,0,4,1,0,9,1,9,5,2
1549,9,2,0,4,7,0,0,3,6,0,2,1,7,3,7,9
1550,7,1,0,4,7,0,2,1,2,1,0,7,2,10,5,9
1551,1,0,0,4,9,1,0,2,7,0,0,1,4,7,5,5
1552,0,0,0,4,6,0,1,0,2,1,0,9,4,3,1,1
1553,7,1,0,4,3,1,2,3,1,0,0,6,9,9,5,4
1554,4,0,0,4,9,0,0,1,5,1,0,4,10,8,5,3
1555,8,1,0,4,8,1,1,2,6,0,2,2,5,8,7,7
1556,10,2,1,4,9,0,0,0,7,1,2,10,9,5,1,7
1557,8,1,0,4,7,1,0,3,6,0,1,3,4,5,3,5
1558,1,0,0,4,4,0,1,1,4,1,0,9,1,1,2,2
1559,7,1,0,4,3,1,2,2,4,0,0,6,6,9,6,3
1560,9,2,1,4,8,0,0,0,10,1,2,4,6,5,5,8
1561,2,0,0,4,7,1,1,3,2,0,0,9,9,6,9,6
1562,7,1,0,4,9,0,2,1,4,1,0,5,6,2,8,4
1563,7,1,0,4,4,1,0,2,5,0,1,5,3,3,4,10
1564,7,1,1,4,7,0,1,0,6,1,2,9,10,6,8,2
1565,7,1,0,4,7,1,2,3,4,0,0,5,5,5,9,9
1566,4,0,0,4,9,0,0,1,6,1,0,10,5,9,7,1
1567,1,0,0,4,8,1,1,2,5,0,0,8,9,2,5,5
1568,7,1,0,4,4,0,2,0,4,1,0,7,10,7,6,4
1569,8,1,0,4,9,1,0,3,1,0,1,7,9,2,8,6
1570,8,1,1,4,6,0,1,1,7,1,2,7,8,1,8,6
1571,7,1,0,4,9,1,2,2,1,0,0,4,10,9,8,7
1572,1,0,0,4,7,0,0,0,4,1,0,2,3,3,9,2
1573,0,0,0,4,8,1,1,3,1,0,0,1,9,10,10,1
1574,7,1,1,4,2,0,2,1,6,1,0,8,5,5,1,7
1575,4,0,0,4,6,1,0,2,6,0,0,10,1,1,2,2
1576,3,0,0,4,9,0,1,0,5,1,0,8,6,4,1,5
1577,7,1,0,4,1,1,2,3,3,0,0,8,5,7,2,9
1578,1,0,0,4,9,0,0,1,7,1,0,3,4,3,2,4
1579,3,0,0,4,9,1,1,2,3,0,0,10,5,9,6,4
1580,7,1,0,4,1,0,2,0,7,1,0,8,2,5,10,5
1581,10,2,0,4,5,0,0,3,7,0,2,7,8,4,1,9
1582,5,0,0,4,2,0,1,1,3,1,0,8,7,4,8,6
1583,9,2,0,4,5,0,0,2,7,0,2,8,2,3,6,7
1584,8,1,1,4,10,0,0,0,5,1,1,8,3,9,5,7
1585,7,1,0,4,10,1,1,3,5,0,2,4,5,5,4,7
1586,7,1,0,4,7,0,2,1,2,1,0,4,3,5,1,1
1587,4,0,0,4,7,1,0,2,3,0,0,10,10,2,4,2
1588,0,0,0,4,10,0,1,0,7,1,0,4,9,1,4,2
1589,7,1,0,4,7,1,2,3,7,0,0,5,8,2,5,2
1590,5,0,0,4,7,0,0,1,7,1,0,3,5,10,2,4
1591,0,0,0,4,5,1,1,2,3,0,0,1,4,1,1,4
1592,9,2,1,4,5,0,0,0,6,1,2,8,6,2,1,7
1593,2,0,0,4,6,1,0,3,4,0,0,4,2,9,4,4
1594,4,0,0,4,1,0,1,1,7,1,0,6,5,7,8,1
1595,7,1,0,4,6,1,2,2,4,0,0,7,10,9,9,5
1596,0,0,0,4,8,0,0,0,3,1,0,6,3,1,7,5
1597,4,0,0,4,1,1,1,3,3,0,0,6,4,6,1,6
1598,7,1,0,4,1,0,2,1,2,1,0,6,1,5,3,6
1599,10,2,0,4,6,0,0,2,9,0,2,10,4,6,3,7
1600,0,0,0,4,5,0,1,0,5,1,0,8,1,1,5,5
1601,10,2,0,4,5,0,0,3,5,0,2,7,6,9,5,8
1602,8,1,1,4,9,0,0,1,6,1,1,3,10,4,1,5
1603,5,0,0,4,8,1,1,2,5,0,0,2,2,7,10,1
1604,7,1,0,4,10,0,2,0,7,1,0,5,10,4,1,3
1605,5,0,0,4,8,1,0,3,1,0,0,7,7,6,5,4
1606,2,0,0,4,7,0,1,1,6,1,0,2,5,6,6,5
1607,7,1,0,4,1,1,2,2,6,0,0,4,7,8,4,3
1608,5,0,0,4,2,0,0,0,5,1,0,3,2,3,2,6
1609,7,1,0,4,5,1,1,3,3,0,2,8,3,5,1,9
1610,7,1,1,4,3,0,2,1,6,1,0,7,5,2,1,5
1611,10,2,0,4,7,0,0,2,9,0,2,1,6,5,5,9
1612,9,2,1,4,2,0,0,0,10,1,2,7,6,2,10,10
1613,7,1,0,4,1,1,2,3,5,0,0,8,8,7,4,8
1614,5,0,0,4,6,0,0,1,3,1,0,5,1,6,2,4
1615,1,0,0,4,3,1,1,2,2,0,0,8,1,6,10,1
1616,7,1,0,4,8,0,2,0,1,1,0,8,8,6,10,7
1617,3,0,0,4,5,1,0,3,1,0,0,7,7,8,10,3
1618,3,0,0,4,5,0,1,1,2,1,0,4,2,5,9,1
1619,7,1,0,4,4,1,2,2,7,0,0,5,8,8,6,2
1620,2,0,0,4,8,0,0,0,4,1,0,1,6,10,4,4
1621,2,0,0,4,4,1,1,3,5,0,0,4,5,9,9,6
1622,7,1,0,4,1,0,2,1,5,1,0,8,7,9,9,7
1623,9,2,0,4,6,0,0,2,5,0,2,8,8,5,8,10
1624,2,0,0,4,4,0,1,0,1,1,0,8,4,6,7,6
1625,7,1,0,4,1,1,2,3,6,0,0,5,7,5,9,6
1626,10,2,1,4,5,0,0,1,9,1,2,9,2,9,1,7
1627,9,2,0,4,7,1,0,2,9,0,2,4,3,4,3,10
1628,7,1,0,4,5,0,2,0,4,1,0,4,1,5,10,6
1629,9,2,0,4,7,0,0,3,7,0,2,9,4,6,2,10
1630,7,1,1,4,8,0,1,1,6,1,2,3,2,2,1,2
1631,7,1,0,4,9,1,2,2,1,0,0,7,3,5,3,8
1632,9,2,1,4,2,0,0,0,9,1,2,7,4,4,10,8
1633,6,0,0,4,9,1,1,3,1,0,0,3,9,8,9,6
1634,7,1,0,4,9,0,2,1,5,1,0,6,10,2,8,1
1635,7,1,0,4,7,1,0,2,5,0,1,8,7,1,9,7
1636,2,0,0,4,2,0,1,0,1,1,0,2,8,10,9,3
1637,7,1,1,4,5,1,2,3,4,0,0,5,4,10,4,10
1638,6,0,0,4,6,0,0,1,6,1,0,6,8,3,2,5
1639,1,0,0,4,6,1,1,2,3,0,0,8,8,9,8,3
1640,7,1,0,4,6,0,2,0,2,1,0,5,10,2,10,5
1641,2,0,0,4,3,1,0,3,4,0,0,3,7,6,3,5
1642,4,0,0,4,6,0,1,1,6,1,0,9,9,3,2,5
1643,10,2,0,4,7,0,0,2,5,0,2,8,9,7,10,10
1644,0,0,0,4,10,0,0,0,2,1,0,8,8,5,6,5
1645,3,0,0,4,7,1,1,3,4,0,0,7,1,2,2,1
1646,8,1,1,4,1,0,2,1,5,1,0,6,3,1,4,7
1647,4,0,0,4,9,1,0,2,1,0,0,8,9,4,3,6
1648,3,0,0,4,7,0,1,0,7,1,0,10,10,3,8,4
1649,7,1,0,4,4,1,2,3,2,0,0,5,8,3,9,10
1650,8,1,1,4,5,0,0,1,7,1,1,9,3,9,5,3
1651,6,0,0,4,9,1,1,2,2,0,0,8,5,9,5,2
1652,7,1,0,4,5,0,2,0,3,1,0,7,9,3,5,6
1653,10,2,0,4,7,0,0,3,5,0,2,10,6,6,1,10
1654,4,0,0,4,9,0,1,1,1,1,0,2,6,9,8,4
1655,10,2,0,4,5,1,0,2,5,0,2,1,8,3,2,8
1656,5,0,0,4,2,0,0,0,5,1,0,6,5,8,3,6
1657,2,0,0,4,2,1,1,3,3,0,0,3,2,9,3,6
1658,9,2,1,4,8,0,0,1,5,1,2,10,5,8,3,8
1659,5,0,0,4,1,1,0,2,3,0,0,4,6,2,2,1
1660,10,2,1,4,7,0,0,0,5,1,0,6,3,2,4,7
1661,7,1,0,4,5,1,2,3,3,0,0,8,9,2,10,2
1662,7,1,1,4,10,0,0,1,5,1,1,1,1,4,1,10
1663,9,2,0,4,7,0,0,2,5,0,2,6,5,10,7,9
1664,7,1,0,4,10,0,2,0,3,1,0,5,1,8,3,9
1665,2,0,0,4,4,1,0,3,1,0,0,2,9,1,4,3
1666,5,0,0,4,5,0,1,1,2,1,0,9,4,10,8,3
1667,7,1,0,4,2,1,2,2,6,0,0,6,8,4,9,1
1668,9,2,1,4,6,0,0,0,6,1,2,3,3,1,4,10
1669,2,0,0,4,3,1,1,3,4,0,0,4,9,5,1,2
1670,7,1,0,4,9,0,2,1,4,1,0,5,9,1,9,3
1671,0,0,0,4,6,1,0,2,6,0,0,9,1,3,5,4
1672,1,0,0,4,7,0,1,0,6,1,0,8,3,10,6,5
1673,7,1,0,4,7,1,2,3,2,0,0,7,8,10,8,2
1674,10,2,1,4,7,0,0,1,10,1,2,10,1,8,1,10
1675,0,0,0,4,3,1,1,2,6,0,0,8,8,2,5,3
1676,7,1,1,4,1,0,2,0,2,1,0,6,9,5,2,7
1677,0,0,0,4,6,1,0,3,6,0,0,4,1,7,9,3
1678,7,1,1,4,8,0,1,1,3,1,2,7,1,4,10,2
1679,7,1,0,4,6,1,2,2,3,0,0,5,8,7,6,2
1680,3,0,0,4,10,0,0,0,2,1,0,10,6,5,3,6
1681,5,0,0,4,2,1,1,3,7,0,0,5,6,10,3,2
1682,10,2,1,4,8,0,0,1,5,1,2,10,3,10,5,7
1683,9,2,1,4,7,0,0,2,8,0,0,3,7,1,1,8
1684,6,0,0,4,6,0,1,0,2,1,0,6,1,7,8,2
1685,7,1,1,4,9,1,2,3,7,0,0,7,8,6,8,4
1686,1,0,0,4,6,0,0,1,5,1,0,10,6,2,10,5
1687,3,0,0,4,6,1,1,2,1,0,0,3,2,3,5,5
1688,7,1,0,4,2,0,2,0,7,1,0,5,1,10,10,3
1689,10,2,0,4,6,0,0,3,10,0,2,7,2,1,1,9
1690,8,1,1,4,6,0,1,1,2,1,2,5,10,9,4,2
1691,7,1,0,4,10,1,2,2,3,0,0,7,10,1,4,2
1692,7,1,1,4,1,0,0,0,1,1,1,2,8,7,2,2
1693,7,1,0,4,8,1,1,3,5,0,2,9,5,7,1,1
1694,7,1,0,4,10,0,2,1,1,1,0,6,1,6,9,1
1695,1,0,0,4,6,1,0,2,2,0,0,10,2,5,9,3
1696,6,0,0,4,2,0,1,0,3,1,0,9,10,6,3,2
1697,8,1,1,4,5,1,2,3,1,0,0,5,7,3,6,8
1698,0,0,0,4,2,0,0,1,1,1,0,10,3,8,2,2
1699,1,0,0,4,3,1,1,2,7,0,0,2,3,10,5,5
1700,7,1,0,4,3,0,2,0,2,1,0,4,2,10,8,8
1701,3,0,0,4,7,1,0,3,7,0,0,7,7,5,7,4
1702,2,0,0,4,10,0,1,1,5,1,0,1,10,6,2,6
1703,7,1,1,4,4,1,2,2,7,0,0,7,10,6,10,6
1704,5,0,0,4,3,0,0,0,3,1,0,6,2,7,8,5
1705,2,0,0,4,5,1,1,3,6,0,0,9,10,7,6,3
