,Unnamed: 0,NPS_Score,NPS_Category,Timely_delivery,No_of_calls_in_an_Order,Loyalty_Years,C_Marital_Status,Tier_City,Mode_of_Payment,No_of_Items_in_Order,Gender,Order_Mode,Score_on_Food_Quality,Score_on_Order_Logistics,Menu_Presentation_Score,Score_on_Recommendations,Score_on_Delivery_Person_Friendliness,labels
0,0,1,0,0,4,5,0,0,0,7,1,0,2,5,4,8,5,1
1,1,7,1,0,4,6,1,1,3,5,0,2,8,10,6,4,3,1
2,2,0,0,0,4,7,0,2,1,1,1,0,4,2,7,8,2,1
3,3,0,0,0,4,1,1,0,2,1,0,0,9,3,4,10,5,1
4,4,4,0,0,4,10,0,1,0,6,1,0,7,1,6,7,4,1
5,5,10,2,0,4,7,0,0,3,8,0,2,10,6,4,2,10,1
6,6,0,0,0,4,3,0,0,1,7,1,0,9,4,3,3,1,1
7,7,1,0,0,4,7,1,1,2,4,0,0,9,1,5,10,2,1
8,8,6,0,0,4,7,0,2,0,4,1,0,5,5,10,1,1,1
9,9,9,2,0,4,5,0,2,3,10,0,2,7,10,7,7,8,1
10,10,4,0,0,4,9,0,1,1,4,1,0,10,1,1,1,6,1
11,11,8,1,1,4,1,1,2,2,7,0,0,6,2,1,7,3,1
12,12,2,0,0,4,4,0,0,0,3,1,0,9,3,6,6,3,1
13,13,7,1,0,4,9,1,1,3,1,0,2,9,3,9,8,7,1
14,14,6,0,0,4,3,0,2,1,7,1,0,7,8,5,2,9,1
15,15,6,0,0,4,10,1,0,2,3,0,0,10,5,8,5,4,1
16,16,6,0,0,4,3,0,1,0,5,1,0,10,2,6,10,4,1
17,17,2,0,0,4,5,1,2,3,4,0,0,4,4,10,4,8,1
18,18,4,0,0,4,4,0,0,1,4,1,0,10,2,7,6,4,1
19,19,3,0,0,4,4,1,1,2,5,0,0,10,9,8,8,3,1
20,20,8,1,1,4,8,0,2,0,4,1,0,4,7,6,6,6,1
21,21,0,0,1,4,10,1,0,3,4,0,1,10,9,5,1,6,1
22,22,5,0,1,4,2,0,1,1,1,1,1,10,1,3,9,4,1
23,23,10,2,0,4,7,0,0,2,10,0,1,10,9,5,4,8,1
24,24,0,0,1,4,1,0,0,0,2,1,1,9,10,5,3,3,1
25,25,1,0,1,4,3,1,1,3,6,0,1,9,7,5,4,4,1
26,26,1,0,0,4,10,0,2,1,4,1,0,5,6,2,1,2,1
27,27,9,2,0,4,5,0,0,2,10,0,2,10,5,10,5,10,1
28,28,10,2,1,4,4,0,0,0,9,1,2,9,2,7,5,9,1
29,29,6,0,0,4,1,1,2,3,6,0,0,8,4,7,1,4,1
30,30,4,0,1,4,2,0,0,1,2,1,1,10,8,4,2,5,1
31,31,7,1,0,4,6,1,1,2,4,0,2,9,7,7,8,10,1
32,32,3,0,0,4,4,0,2,0,3,1,0,7,2,4,2,4,1
33,33,7,1,0,4,4,1,0,3,3,0,1,10,6,7,10,10,1
34,34,8,1,1,4,1,0,1,1,4,1,2,10,9,9,4,2,1
35,35,4,0,0,4,10,1,2,2,4,0,0,4,6,2,3,1,1
36,36,3,0,1,4,3,0,0,0,5,1,1,10,3,8,1,3,1
37,37,6,0,1,4,9,1,1,3,1,0,1,9,5,3,7,4,1
38,38,7,1,0,4,1,0,2,1,5,1,0,5,9,5,7,8,1
39,39,5,0,1,4,8,1,0,2,3,0,0,10,8,10,5,4,1
40,40,7,1,1,4,7,0,1,0,4,1,2,10,6,3,4,5,1
41,41,10,2,0,4,7,0,0,3,5,0,2,9,3,3,1,10,1
42,42,8,1,1,4,1,0,0,1,3,1,1,9,3,1,7,6,1
43,43,0,0,1,4,8,1,1,2,2,0,0,10,2,6,10,4,1
44,44,7,1,0,4,9,0,2,0,4,1,0,6,9,6,3,1,1
45,45,6,0,1,4,5,1,0,3,1,0,0,10,3,8,3,3,1
46,46,7,1,1,4,3,0,1,1,7,1,2,9,5,1,8,3,1
47,47,7,1,0,4,8,1,2,2,5,0,0,7,9,4,2,1,1
48,48,1,0,0,4,8,0,0,0,1,1,0,10,7,9,3,2,1
49,49,8,1,0,4,3,1,1,3,4,0,2,9,10,4,5,7,1
50,50,7,1,0,4,3,0,2,1,1,1,0,4,1,2,8,7,1
51,51,0,0,0,4,6,1,0,2,4,0,0,9,6,4,8,5,1
52,52,1,0,0,4,5,0,1,0,1,1,0,9,1,3,4,4,1
53,53,1,0,1,4,5,1,2,3,6,0,0,6,9,1,7,9,1
54,54,6,0,0,4,2,0,0,1,6,1,0,9,1,1,5,5,1
55,55,10,2,0,4,6,1,0,2,9,0,2,10,8,2,5,9,1
56,56,1,0,0,4,8,0,2,0,4,1,0,8,7,7,6,7,1
57,57,5,0,1,4,3,1,0,3,1,0,2,10,9,9,7,6,1
58,58,10,2,1,4,3,0,1,1,8,1,1,9,4,6,1,10,1
59,59,7,1,1,4,10,1,2,2,6,0,0,8,6,6,8,1,1
60,60,1,0,1,4,8,0,0,0,1,1,2,9,4,3,10,2,1
61,61,8,1,0,4,4,1,1,3,3,0,2,10,2,2,4,1,1
62,62,7,1,0,4,2,0,2,1,7,1,0,5,8,2,3,2,1
63,63,5,0,1,4,2,1,0,2,5,0,2,10,4,6,3,2,1
64,64,5,0,1,4,4,0,1,0,1,1,2,9,3,1,9,5,1
65,65,7,1,0,4,8,1,2,3,1,0,0,7,7,7,2,1,1
66,66,0,0,1,4,2,0,0,1,1,1,2,9,3,8,10,4,1
67,67,4,0,1,4,3,1,1,2,3,0,2,9,4,6,6,1,1
68,68,10,2,1,4,2,0,0,0,10,1,2,10,10,3,6,10,1
69,69,9,2,0,4,7,0,0,3,7,0,2,10,1,5,5,7,1
70,70,9,2,1,4,7,0,0,1,5,1,2,10,8,1,7,7,1
71,71,1,0,0,4,10,1,2,2,7,0,0,6,1,7,9,4,1
72,72,1,0,1,4,1,0,1,0,6,1,2,10,6,2,5,7,1
73,73,6,0,1,4,5,1,1,3,1,0,2,9,6,3,4,1,1
74,74,10,2,1,4,4,0,0,1,9,1,2,10,6,6,2,8,1
75,75,2,0,1,4,4,1,0,2,4,0,2,9,5,1,6,5,1
76,76,0,0,1,4,9,0,1,0,7,1,2,9,6,4,7,1,1
77,77,8,1,1,4,2,1,2,3,1,0,0,5,6,6,5,6,1
78,78,4,0,1,4,5,0,0,1,2,1,2,10,9,9,4,4,1
79,79,5,0,1,4,8,1,1,2,7,0,2,9,2,6,3,1,1
80,80,8,1,1,4,7,0,2,0,6,1,0,4,3,9,1,8,1
81,81,3,0,1,4,9,1,0,3,7,0,2,9,8,3,6,6,1
82,82,2,0,1,4,5,0,1,1,1,1,2,10,4,5,2,3,1
83,83,7,1,0,4,4,1,2,2,2,0,0,5,8,5,1,1,1
84,84,2,0,1,4,9,0,0,0,3,1,2,9,4,8,2,1,1
85,85,1,0,1,4,3,1,1,3,6,0,2,10,8,10,10,1,1
86,86,9,2,0,4,8,0,2,1,2,1,0,7,7,4,10,7,1
87,87,1,0,0,4,6,0,0,2,10,0,1,9,9,2,8,10,1
88,88,7,1,1,4,6,0,1,0,5,1,2,9,2,9,3,5,1
89,89,7,1,0,4,10,1,2,3,3,0,0,6,5,2,4,2,1
90,90,6,0,1,4,3,0,0,1,3,1,2,9,1,3,3,6,1
91,91,5,0,1,4,3,1,1,2,7,0,2,10,1,9,3,3,1
92,92,7,1,0,4,5,0,2,0,4,1,0,4,1,4,8,1,1
93,93,3,0,1,4,9,1,0,3,1,0,2,10,6,4,6,1,1
94,94,1,0,1,4,4,0,1,1,7,1,2,9,7,6,2,6,1
95,95,7,1,1,4,4,1,2,2,1,0,0,7,1,6,2,6,1
96,96,10,2,1,4,3,0,1,0,10,1,2,9,10,2,2,9,1
97,97,2,0,1,4,8,1,1,3,1,0,2,10,8,6,10,6,1
98,98,7,1,0,4,5,0,2,1,2,1,0,4,6,4,4,1,1
99,99,9,2,0,4,5,0,0,2,6,0,2,10,4,6,10,10,1
100,100,5,0,1,4,2,0,1,0,3,1,2,10,6,3,5,5,1
101,101,1,0,0,4,6,1,2,3,2,0,0,4,10,5,4,4,1
102,102,4,0,1,4,4,0,0,1,3,1,2,10,7,6,3,1,1
103,103,1,0,1,4,7,1,1,2,5,0,2,9,9,5,8,3,1
104,104,7,1,0,4,8,0,2,0,1,1,0,8,5,3,10,3,1
105,105,9,2,0,4,5,0,0,3,10,0,2,9,1,9,5,7,1
106,106,6,0,1,4,1,0,1,1,1,1,2,10,3,10,4,3,1
107,107,10,2,0,4,5,0,0,2,7,0,2,10,8,10,9,9,1
108,108,8,1,1,4,8,0,0,0,1,1,1,10,9,4,3,3,1
109,109,6,0,1,4,8,1,1,3,7,0,2,9,3,7,1,2,1
110,110,10,2,1,4,7,0,0,1,6,1,1,10,4,5,7,9,1
111,111,9,2,0,4,7,0,0,2,6,0,2,10,4,1,10,10,1
112,112,0,0,1,4,10,0,1,0,2,1,2,9,4,10,10,6,1
113,113,7,1,0,4,2,1,2,3,4,0,0,5,8,8,1,7,1
114,114,4,0,1,4,8,0,0,1,4,1,2,10,2,7,7,5,1
115,115,2,0,1,4,9,1,1,2,3,0,2,9,1,4,8,1,1
116,116,7,1,0,4,2,0,2,0,4,1,0,7,8,3,3,10,1
117,117,10,2,0,4,7,0,0,3,7,0,2,10,8,8,2,9,1
118,118,9,2,1,4,5,0,0,1,8,1,2,10,7,10,3,10,1
119,119,7,1,1,4,6,1,2,2,2,0,0,7,9,5,5,1,1
120,120,8,1,1,4,7,0,0,0,5,1,1,10,8,6,5,9,1
121,121,10,2,0,4,6,0,0,3,5,0,2,9,9,7,7,9,1
122,122,10,2,1,4,9,0,0,1,6,1,2,9,2,8,10,10,1
123,123,4,0,1,4,8,1,0,2,6,0,2,10,6,10,3,2,1
124,124,0,0,1,4,7,0,1,0,6,1,2,9,1,1,3,6,1
125,125,1,0,0,4,1,1,2,3,7,0,0,4,8,9,2,3,1
126,126,0,0,1,4,9,0,0,1,3,1,2,10,6,6,8,5,1
127,127,9,2,0,4,7,1,0,2,6,0,1,9,7,3,6,9,1
128,128,10,2,1,4,6,0,0,0,7,1,2,9,8,5,2,7,1
129,129,10,2,0,4,6,0,0,3,9,0,2,9,7,6,7,9,1
130,130,0,0,1,4,7,0,1,1,5,1,2,9,2,10,7,6,1
131,131,7,1,0,4,8,1,2,2,4,0,0,4,8,5,1,9,1
132,132,1,0,1,4,4,0,0,0,3,1,2,9,4,1,9,4,1
133,133,5,0,1,4,10,1,1,3,6,0,2,10,9,3,9,2,1
134,134,8,1,1,4,4,0,2,1,2,1,0,5,8,5,3,1,1
135,135,7,1,0,4,10,1,0,2,6,0,1,9,3,1,10,10,1
136,136,2,0,1,4,4,0,1,0,7,1,2,9,7,3,6,2,1
137,137,9,2,0,4,7,0,0,3,9,0,2,10,10,8,5,10,1
138,138,9,2,1,4,4,0,0,1,10,1,2,10,9,9,10,10,1
139,139,6,0,1,4,1,1,1,2,2,0,2,9,3,1,8,2,1
140,140,10,2,1,4,1,0,0,0,8,1,1,10,6,5,5,7,1
141,141,7,1,0,4,7,1,0,3,2,0,1,9,9,2,10,3,1
142,142,4,0,1,4,10,0,1,1,4,1,2,9,3,8,5,2,1
143,143,7,1,0,4,5,1,2,2,7,0,0,8,9,4,1,9,1
144,144,0,0,1,4,2,0,0,0,1,1,2,9,5,9,5,5,1
145,145,3,0,1,4,4,1,1,3,2,0,2,9,10,4,3,6,1
146,146,10,2,1,4,7,0,0,1,6,1,2,10,2,2,6,10,1
147,147,10,2,0,4,5,0,0,2,5,0,2,9,9,9,1,8,1
148,148,2,0,1,4,3,0,1,0,1,1,2,10,5,7,10,3,1
149,149,7,1,0,4,6,1,2,3,6,0,0,6,6,9,9,1,1
150,150,2,0,1,4,6,0,0,1,5,1,2,9,4,4,2,6,1
151,151,1,0,1,4,4,1,1,2,7,0,2,10,3,10,1,4,1
152,152,10,2,1,4,8,0,0,0,9,1,2,9,6,2,5,7,1
153,153,5,0,1,4,10,1,0,3,5,0,2,9,7,5,10,5,1
154,154,6,0,1,4,2,0,1,1,5,1,2,9,2,10,9,1,1
155,155,7,1,0,4,4,1,2,2,1,0,0,5,2,7,3,4,1
156,156,10,2,1,4,8,0,0,0,5,1,1,9,10,6,7,10,1
157,157,3,0,1,4,2,1,1,3,4,0,2,9,5,8,3,1,1
158,158,7,1,1,4,10,0,2,1,6,1,0,4,8,2,7,5,1
159,159,2,0,1,4,8,1,0,2,1,0,2,10,2,4,9,4,1
160,160,2,0,1,4,10,0,1,0,7,1,2,10,8,7,3,4,1
161,161,7,1,1,4,8,1,2,3,6,0,0,5,3,8,10,2,1
162,162,1,0,1,4,8,0,0,1,5,1,2,10,9,6,8,5,1
163,163,6,0,1,4,3,1,1,2,2,0,2,9,1,6,5,2,1
164,164,7,1,0,4,10,0,2,0,4,1,0,7,5,4,6,5,1
165,165,5,0,1,4,1,1,0,3,5,0,2,9,9,3,3,5,1
166,166,2,0,1,4,7,0,1,1,7,1,2,10,1,7,2,6,1
167,167,7,1,0,4,5,1,2,2,6,0,0,4,3,3,2,4,1
168,168,0,0,1,4,4,0,0,0,5,1,2,9,7,1,10,2,1
169,169,6,0,1,4,8,1,1,3,7,0,2,10,10,4,7,3,1
170,170,10,2,1,4,3,0,0,1,5,1,2,10,5,8,7,7,1
171,171,7,1,0,4,2,1,0,2,4,0,1,10,2,6,7,10,1
172,172,0,0,1,4,1,0,1,0,2,1,2,10,4,1,2,4,1
173,173,7,1,0,4,1,1,2,3,1,0,0,6,6,8,9,4,1
174,174,6,0,1,4,6,0,0,1,1,1,2,10,3,8,10,2,1
175,175,5,0,1,4,2,1,1,2,2,0,2,9,3,2,4,6,1
176,176,7,1,0,4,10,0,2,0,6,1,0,6,4,3,2,8,1
177,177,1,0,1,4,4,1,0,3,1,0,2,10,3,1,3,4,1
178,178,9,2,1,4,2,0,0,1,5,1,2,10,9,8,2,8,1
179,179,7,1,0,4,2,1,2,2,3,0,0,8,8,2,4,2,1
180,180,1,0,1,4,4,0,0,0,3,1,2,10,6,9,6,4,1
181,181,2,0,1,4,2,1,1,3,1,0,2,10,10,1,4,4,1
182,182,7,1,0,4,8,0,2,1,3,1,0,8,4,6,1,7,1
183,183,8,1,0,4,8,1,0,2,1,0,1,10,4,9,5,2,1
184,184,7,1,1,4,5,0,1,0,5,1,2,10,9,6,2,7,1
185,185,7,1,0,4,7,1,2,3,7,0,0,4,1,4,6,8,1
186,186,2,0,1,4,5,0,0,1,3,1,2,10,2,7,8,1,1
187,187,10,2,0,4,5,0,0,2,9,0,2,9,8,9,9,9,1
188,188,7,1,0,4,7,0,2,0,3,1,0,4,6,2,8,1,1
189,189,1,0,1,4,3,1,0,3,2,0,2,10,8,9,3,5,1
190,190,2,0,1,4,1,0,1,1,5,1,2,10,4,1,9,2,1
191,191,9,2,0,4,7,0,0,2,5,0,2,10,10,9,3,10,1
192,192,1,0,1,4,5,0,0,0,7,1,2,10,5,7,3,3,1
193,193,7,1,0,4,6,1,1,3,6,0,2,10,10,9,2,3,1
194,194,9,2,0,4,3,0,2,1,7,1,0,4,8,3,3,5,1
195,195,5,0,1,4,1,1,0,2,4,0,2,10,9,10,2,3,1
196,196,9,2,1,4,6,0,0,0,10,1,0,10,9,5,7,9,1
197,197,8,1,1,4,2,1,2,3,2,0,0,7,9,6,3,9,1
198,198,4,0,1,4,8,0,0,1,1,1,2,9,5,5,4,6,1
199,199,10,2,0,4,5,0,0,2,5,0,2,10,2,9,2,8,1
200,200,7,1,0,4,6,0,2,0,2,1,0,7,5,2,7,5,1
201,201,0,0,1,4,3,1,0,3,6,0,2,10,7,9,10,3,1
202,202,5,0,1,4,10,0,1,1,3,1,2,9,9,1,7,1,1
203,203,8,1,1,4,7,1,2,2,6,0,0,8,5,7,1,8,1
204,204,5,0,1,4,1,0,0,0,4,1,2,9,5,3,1,2,1
205,205,4,0,1,4,9,1,1,3,3,0,2,10,1,1,7,3,1
206,206,7,1,0,4,6,0,2,1,4,1,0,4,5,8,10,6,1
207,207,10,2,0,4,5,0,0,2,7,0,2,10,2,5,4,9,1
208,208,9,2,1,4,3,0,0,0,8,1,2,10,5,5,7,7,1
209,209,7,1,0,4,3,1,2,3,3,0,0,7,8,10,3,3,1
210,210,3,0,1,4,1,0,0,1,1,1,2,10,9,5,5,5,1
211,211,5,0,1,4,8,1,1,2,1,0,2,9,4,8,2,1,1
212,212,7,1,0,4,6,0,2,0,1,1,0,5,9,4,3,7,1
213,213,9,2,0,4,7,0,0,3,10,0,2,9,5,10,3,9,1
214,214,3,0,1,4,3,0,1,1,3,1,2,9,4,10,1,2,1
215,215,7,1,0,4,1,1,2,2,3,0,0,8,5,9,7,8,1
216,216,3,0,1,4,1,0,0,0,6,1,2,10,3,8,1,1,1
217,217,10,2,1,4,5,0,0,3,9,0,0,9,1,7,10,7,1
218,218,8,1,1,4,5,0,2,1,2,1,0,6,6,4,4,6,1
219,219,5,0,1,4,6,1,0,2,6,0,2,10,8,4,3,6,1
220,220,4,0,1,4,10,0,1,0,4,1,2,9,8,10,2,5,1
221,221,7,1,0,4,7,1,2,3,1,0,0,6,1,3,10,3,1
222,222,1,0,1,4,8,0,0,1,1,1,2,9,7,8,5,2,1
223,223,5,0,1,4,1,1,1,2,5,0,2,10,7,5,2,5,1
224,224,7,1,0,4,7,0,2,0,1,1,0,4,6,4,2,2,1
225,225,4,0,1,4,7,1,0,3,5,0,2,9,2,6,4,4,1
226,226,1,0,1,4,4,0,1,1,1,1,2,10,7,5,7,3,1
227,227,7,1,0,4,1,1,2,2,4,0,0,5,7,3,3,9,1
228,228,7,1,1,4,7,0,0,0,4,1,1,9,5,4,8,10,1
229,229,5,0,1,4,3,1,1,3,1,0,2,10,2,4,9,4,1
230,230,7,1,1,4,2,0,2,1,1,1,0,6,7,8,2,4,1
231,231,2,0,1,4,2,1,0,2,2,0,2,10,1,6,5,5,1
232,232,8,1,1,4,9,0,1,0,7,1,2,10,2,2,5,2,1
233,233,9,2,0,4,6,0,0,3,9,0,2,9,10,5,8,7,1
234,234,10,2,1,4,4,0,2,1,6,1,2,8,5,5,3,9,1
235,235,4,0,1,4,3,1,1,2,4,0,2,10,7,4,7,2,1
236,236,7,1,0,4,1,0,2,0,4,1,0,5,2,2,10,2,1
237,237,1,0,1,4,1,1,0,3,7,0,2,9,5,9,4,5,1
238,238,9,2,1,4,7,0,0,1,10,1,2,9,8,1,5,8,1
239,239,7,1,0,4,5,1,2,2,7,0,0,4,4,2,6,9,1
240,240,10,2,1,4,9,0,0,0,6,1,0,10,2,4,4,10,1
241,241,6,0,1,4,7,1,1,3,1,0,2,10,1,4,5,3,1
242,242,10,2,1,4,2,0,0,1,8,1,2,10,3,6,2,9,1
243,243,1,0,1,4,9,1,0,2,6,0,2,10,7,10,3,5,1
244,244,7,1,1,4,3,0,1,0,1,1,2,9,3,2,10,10,1
245,245,8,1,1,4,8,1,2,3,3,0,0,5,5,6,5,2,1
246,246,8,1,1,4,2,0,0,1,6,1,1,10,2,1,8,4,1
247,247,8,1,0,4,7,1,1,2,7,0,2,10,2,9,3,10,1
248,248,7,1,0,4,4,0,2,0,2,1,0,5,7,5,4,6,1
249,249,8,1,0,4,9,1,0,3,3,0,1,10,9,9,5,8,1
250,250,3,0,1,4,3,0,1,1,3,1,2,10,2,5,5,2,1
251,251,7,1,0,4,5,1,2,2,2,0,0,6,9,4,6,5,1
252,252,10,2,1,4,3,0,0,0,5,1,2,9,9,2,10,8,1
253,253,4,0,1,4,10,1,1,3,5,0,2,9,6,2,10,4,1
254,254,9,2,1,4,9,0,0,1,10,1,2,9,3,6,10,9,1
255,255,7,1,0,4,3,1,0,2,7,0,1,9,7,4,1,6,1
256,256,8,1,1,4,4,0,1,0,4,1,2,9,10,1,4,6,1
257,257,7,1,0,4,8,1,2,3,6,0,0,7,7,1,10,3,1
258,258,3,0,1,4,3,0,0,1,7,1,0,10,4,8,2,3,1
259,259,4,0,1,4,7,1,1,2,3,0,0,10,8,5,8,6,1
260,260,7,1,0,4,6,0,2,0,7,1,0,8,4,6,2,7,1
261,261,6,0,1,4,9,1,0,3,3,0,0,10,9,5,6,4,1
262,262,2,0,1,4,5,0,1,1,4,1,0,9,6,9,5,1,1
263,263,7,1,0,4,2,1,2,2,5,0,0,8,10,6,7,4,1
264,264,8,1,1,4,7,0,0,0,7,1,1,10,4,9,1,5,1
265,265,10,2,1,4,7,0,0,3,7,0,0,9,9,9,1,10,1
266,266,10,2,1,4,6,0,0,1,6,1,2,10,9,3,5,9,1
267,267,7,1,0,4,4,1,0,2,6,0,1,10,3,3,6,2,1
268,268,9,2,1,4,3,0,0,0,7,1,2,10,1,10,6,7,1
269,269,7,1,0,4,3,1,2,3,3,0,0,4,4,3,1,4,1
270,270,6,0,1,4,9,0,0,1,2,1,0,9,6,3,6,1,1
271,271,8,1,0,4,9,1,1,2,6,0,2,10,7,1,1,1,1
272,272,7,1,0,4,3,0,2,0,2,1,0,6,5,4,3,9,1
273,273,6,0,1,4,2,1,0,3,5,0,0,9,9,8,7,5,1
274,274,8,1,1,4,3,0,1,1,1,1,2,10,3,10,2,3,1
275,275,7,1,1,4,6,1,2,2,3,0,0,8,3,2,6,3,1
276,276,3,0,0,4,7,0,0,0,7,1,0,9,1,10,5,1,1
277,277,7,1,0,4,8,1,1,3,4,0,2,9,8,2,7,2,1
278,278,7,1,0,4,3,0,2,1,4,1,0,8,9,6,4,4,1
279,279,5,0,0,4,2,1,0,2,3,0,0,9,7,8,2,1,1
280,280,1,0,0,4,8,0,1,0,5,1,0,10,4,3,1,6,1
281,281,7,1,0,4,2,1,2,3,4,0,0,4,4,6,6,7,1
282,282,7,1,1,4,2,0,0,1,7,1,1,10,7,3,4,5,1
283,283,0,0,0,4,2,1,1,2,2,0,0,10,7,6,10,3,1
284,284,8,1,1,4,2,0,2,0,7,1,0,7,4,7,10,4,1
285,285,5,0,0,4,4,1,0,3,2,0,0,10,10,9,3,2,1
286,286,6,0,0,4,3,0,1,1,1,1,0,9,4,4,8,3,1
287,287,7,1,0,4,8,1,2,2,5,0,0,7,2,10,6,4,1
288,288,0,0,0,4,4,0,0,0,5,1,0,9,1,7,5,4,1
289,289,8,1,0,4,1,1,1,3,6,0,2,9,2,2,10,1,1
290,290,9,2,1,4,4,0,2,1,5,1,0,7,10,3,2,9,1
291,291,5,0,0,4,9,1,0,2,5,0,0,9,3,10,8,3,1
292,292,2,0,0,4,1,0,1,0,6,1,0,9,7,7,3,1,1
293,293,7,1,0,4,10,1,2,3,1,0,0,5,7,5,8,10,1
294,294,5,0,0,4,10,0,0,1,4,1,0,10,10,5,7,2,1
295,295,0,0,0,4,8,1,1,2,3,0,0,9,9,2,8,4,1
296,296,7,1,1,4,1,0,2,0,2,1,0,7,1,8,3,6,1
297,297,0,0,0,4,6,1,0,3,1,0,0,6,5,10,2,3,1
298,298,8,1,1,4,9,0,1,1,1,1,2,9,4,9,5,2,1
299,299,8,1,0,4,2,1,2,2,1,0,0,8,8,6,4,8,1
300,300,4,0,0,4,5,0,0,0,1,1,0,10,8,9,6,6,1
301,301,1,0,0,4,10,1,1,3,5,0,0,7,9,4,6,5,1
302,302,7,1,0,4,5,0,2,1,1,1,0,8,1,8,8,10,1
303,303,4,0,0,4,5,1,0,2,3,0,0,6,6,7,10,3,1
304,304,8,1,1,4,9,0,1,0,6,1,2,8,8,5,3,1,1
305,305,7,1,0,4,7,1,2,3,3,0,0,5,7,5,9,6,1
306,306,0,0,0,4,7,0,0,1,7,1,0,4,10,10,7,6,1
307,307,6,0,0,4,1,1,1,2,1,0,0,9,10,4,4,4,1
308,308,7,1,0,4,6,0,2,0,6,1,0,5,3,8,9,10,1
309,309,3,0,0,4,7,1,0,3,6,0,0,8,2,3,10,3,1
310,310,0,0,0,4,9,0,1,1,3,1,0,2,10,8,8,3,1
311,311,7,1,0,4,8,1,2,2,2,0,0,5,1,3,4,8,1
312,312,7,1,1,4,6,0,0,0,3,1,1,5,2,10,7,3,1
313,313,1,0,0,4,2,1,1,3,3,0,0,9,5,6,9,3,1
314,314,7,1,1,4,6,0,2,1,1,1,0,4,9,4,8,7,1
315,315,2,0,0,4,8,1,0,2,4,0,0,8,5,3,1,2,1
316,316,7,1,1,4,3,0,1,0,2,1,2,8,4,9,7,3,1
317,317,10,2,1,4,5,0,0,3,5,0,0,3,1,2,6,7,1
318,318,7,1,1,4,9,0,0,1,6,1,1,10,1,5,9,1,1
319,319,3,0,0,4,1,1,1,2,1,0,0,9,6,10,6,6,1
320,320,8,1,1,4,4,0,2,0,3,1,0,8,5,9,2,4,1
321,321,10,2,0,4,5,0,0,3,6,0,2,4,3,3,5,8,1
322,322,0,0,0,4,8,0,1,1,7,1,0,6,5,2,7,2,1
323,323,7,1,0,4,3,1,2,2,1,0,0,4,3,3,8,3,1
324,324,9,2,1,4,5,0,0,0,10,1,2,2,9,7,4,10,1
325,325,10,2,0,4,7,0,0,3,9,0,2,3,4,10,5,9,1
326,326,7,1,0,4,6,0,2,1,7,1,0,7,2,5,1,4,1
327,327,5,0,0,4,9,1,0,2,4,0,0,3,3,4,1,5,1
328,328,8,1,1,4,2,0,1,0,1,1,2,9,5,7,6,10,1
329,329,8,1,0,4,1,1,2,3,1,0,0,8,7,6,5,5,1
330,330,5,0,1,4,8,0,0,1,2,1,0,10,2,3,4,1,1
331,331,4,0,1,4,3,1,1,2,6,0,0,4,1,2,6,4,1
332,332,7,1,0,4,4,0,2,0,4,1,0,5,10,5,5,10,1
333,333,0,0,0,4,3,1,0,3,1,0,0,5,9,2,4,2,1
334,334,0,0,0,4,5,0,1,1,2,1,0,3,9,4,6,2,1
335,335,7,1,0,4,8,1,2,2,6,0,0,7,4,10,5,1,1
336,336,9,2,1,4,4,0,0,0,5,1,2,6,1,10,8,10,1
337,337,5,0,0,4,9,1,1,3,5,0,0,2,10,5,10,1,1
338,338,9,2,0,4,10,0,2,1,7,1,0,6,10,3,9,5,1
339,339,4,0,0,4,5,1,0,2,2,0,0,7,2,5,5,6,1
340,340,6,0,0,4,1,0,1,0,5,1,0,9,7,9,10,2,1
341,341,7,1,0,4,4,1,2,3,6,0,0,6,4,8,5,7,1
342,342,10,2,1,4,10,0,0,1,8,1,2,1,10,9,3,8,1
343,343,9,2,0,4,6,0,0,2,8,0,2,6,9,2,9,10,1
344,344,10,2,1,4,5,0,0,0,9,1,2,5,7,6,3,8,1
345,345,7,1,0,4,9,1,0,3,2,0,1,9,9,6,8,2,1
346,346,1,0,0,4,4,0,1,1,4,1,0,10,3,10,9,6,1
347,347,7,1,0,4,6,1,2,2,3,0,0,6,8,2,5,8,1
348,348,2,0,0,4,3,0,0,0,2,1,0,4,1,5,9,5,1
349,349,4,0,0,4,8,1,1,3,3,0,0,1,9,10,3,2,1
350,350,10,2,1,4,9,0,0,1,7,1,2,5,10,7,6,10,1
351,351,6,0,0,4,5,1,0,2,5,0,0,9,8,7,3,5,1
352,352,2,0,0,4,6,0,1,0,5,1,0,9,9,10,3,4,1
353,353,10,2,0,4,7,0,0,3,6,0,2,8,10,8,6,7,1
354,354,6,0,0,4,5,0,0,1,2,1,0,7,5,10,5,3,1
355,355,10,2,0,4,5,0,0,2,5,0,2,10,9,3,6,7,1
356,356,7,1,0,4,5,0,2,0,6,1,0,5,1,9,1,6,1
357,357,4,0,0,4,6,1,0,3,4,0,0,1,6,9,3,5,1
358,358,2,0,0,4,9,0,1,1,2,1,0,4,5,7,1,3,1
359,359,7,1,0,4,2,1,2,2,4,0,0,7,1,7,5,8,1
360,360,0,0,0,4,10,0,0,0,2,1,0,8,5,5,1,4,1
361,361,6,0,0,4,10,1,1,3,1,0,0,9,10,5,5,4,1
362,362,9,2,0,4,3,0,2,1,6,1,0,7,4,8,8,5,1
363,363,4,0,0,4,2,1,0,2,2,0,0,3,7,4,2,1,1
364,364,10,2,1,4,2,0,0,0,8,1,2,8,2,2,5,10,1
365,365,7,1,0,4,6,1,2,3,4,0,0,5,1,6,2,6,1
366,366,8,1,1,4,3,0,0,1,7,1,1,7,4,1,7,3,1
367,367,8,1,0,4,2,1,1,2,7,0,2,1,9,5,7,6,1
368,368,10,2,1,4,1,0,0,0,9,1,2,2,7,8,3,7,1
369,369,2,0,0,4,8,1,0,3,1,0,0,2,8,4,9,3,1
370,370,3,0,0,4,7,0,1,1,2,1,0,4,5,1,1,6,1
371,371,7,1,0,4,9,1,2,2,2,0,0,5,3,3,9,4,1
372,372,7,1,1,4,4,0,0,0,5,1,1,3,3,2,6,1,1
373,373,4,0,0,4,7,1,1,3,4,0,0,8,9,4,4,5,1
374,374,9,2,0,4,2,0,2,1,2,1,0,7,2,9,10,8,1
375,375,1,0,0,4,5,1,0,2,6,0,0,3,1,5,9,3,1
376,376,6,0,0,4,9,0,1,0,2,1,0,2,8,9,3,2,1
377,377,7,1,0,4,5,1,2,3,5,0,0,4,9,2,9,8,1
378,378,1,0,0,4,7,0,0,1,1,1,0,4,9,10,8,6,1
379,379,5,0,0,4,10,1,1,2,6,0,0,3,10,8,3,2,1
380,380,9,2,1,4,3,0,0,0,8,1,2,9,9,1,7,10,1
381,381,9,2,0,4,7,0,0,3,6,0,2,10,1,6,6,10,1
382,382,10,2,1,4,10,0,0,1,8,1,2,9,8,8,1,8,1
383,383,7,1,0,4,3,1,2,2,1,0,0,5,8,2,4,7,1
384,384,1,0,0,4,8,0,0,0,3,1,0,1,10,7,6,6,1
385,385,5,0,0,4,4,1,1,3,2,0,0,9,3,10,3,1,1
386,386,9,2,0,4,5,0,2,1,1,1,0,8,9,8,1,6,1
387,387,8,1,0,4,10,1,0,2,7,0,1,4,9,9,6,5,1
388,388,1,0,0,4,7,0,1,0,6,1,0,3,9,8,6,1,1
389,389,7,1,0,4,9,1,2,3,2,0,0,8,3,7,3,6,1
390,390,0,0,0,4,4,0,0,1,5,1,0,3,1,5,7,6,1
391,391,8,1,0,4,4,1,1,2,7,0,2,6,7,2,3,2,1
392,392,7,1,0,4,10,0,2,0,7,1,0,5,6,8,5,7,1
393,393,2,0,0,4,2,1,0,3,5,0,0,3,3,7,3,5,1
394,394,1,0,0,4,8,0,1,1,4,1,0,6,1,5,8,2,1
395,395,8,1,1,4,10,1,2,2,2,0,0,6,9,6,3,2,1
396,396,6,0,0,4,7,0,0,0,4,1,0,8,4,6,7,2,1
397,397,4,0,0,4,5,1,1,3,3,0,0,6,3,6,8,5,1
398,398,9,2,1,4,10,0,2,1,6,1,0,5,10,4,9,1,1
399,399,8,1,0,4,5,1,0,2,4,0,1,9,8,4,10,4,1
400,400,7,1,1,4,3,0,1,0,1,1,2,4,1,6,9,8,1
401,401,7,1,1,4,8,1,2,3,6,0,0,8,8,5,7,8,1
402,402,0,0,0,4,4,0,0,1,1,1,0,2,1,8,8,3,1
403,403,1,0,0,4,7,1,1,2,7,0,0,6,10,3,7,4,1
404,404,9,2,1,4,8,0,0,0,9,1,2,10,7,5,7,10,1
405,405,6,0,0,4,8,1,0,3,7,0,0,5,4,5,5,4,1
406,406,1,0,0,4,4,0,1,1,4,1,0,6,9,4,1,6,1
407,407,7,1,0,4,1,1,2,2,7,0,0,7,10,8,9,6,1
408,408,6,0,0,4,8,0,0,0,1,1,0,6,6,3,1,4,1
409,409,4,0,0,4,1,1,1,3,3,0,0,8,4,2,7,3,1
410,410,9,2,0,4,10,0,2,1,7,1,0,5,4,3,1,6,1
411,411,10,2,0,4,7,0,0,2,8,0,2,6,3,1,3,10,1
412,412,7,1,1,4,9,0,1,0,7,1,2,10,5,1,9,6,1
413,413,7,1,0,4,1,1,2,3,1,0,0,7,4,7,2,7,1
414,414,6,0,0,4,7,0,0,1,5,1,0,2,8,6,3,4,1
415,415,6,0,0,4,2,1,1,2,6,0,0,5,5,3,9,3,1
416,416,10,2,1,4,8,0,0,0,8,1,2,1,1,1,9,9,1
417,417,1,0,0,4,4,1,0,3,1,0,0,5,4,5,3,1,1
418,418,4,0,0,4,1,0,1,1,7,1,0,10,9,4,2,4,1
419,419,7,1,0,4,4,1,2,2,6,0,0,5,9,2,7,4,1
420,420,9,2,1,4,2,0,0,0,6,1,2,5,4,9,8,7,1
421,421,3,0,0,4,8,1,1,3,6,0,0,4,7,1,3,1,1
422,422,9,2,0,4,9,0,2,1,6,1,0,8,9,8,6,1,1
423,423,4,0,0,4,7,1,0,2,7,0,0,1,5,7,6,1,1
424,424,9,2,1,4,10,0,0,0,9,1,2,4,2,5,4,8,1
425,425,10,2,0,4,6,0,0,3,6,0,2,7,7,6,9,7,1
426,426,2,0,0,4,3,0,0,1,2,1,0,3,6,9,6,4,1
427,427,1,0,0,4,10,1,1,2,5,0,0,7,6,2,1,5,1
428,428,9,2,1,4,10,0,0,0,5,1,2,5,10,6,6,7,1
429,429,7,1,0,4,7,1,0,3,7,0,1,7,9,2,3,7,1
430,430,6,0,0,4,5,0,1,1,2,1,0,6,7,2,1,4,1
431,431,7,1,0,4,10,1,2,2,6,0,0,5,7,8,6,1,1
432,432,3,0,0,4,6,0,0,0,5,1,0,1,4,10,10,5,1
433,433,7,1,0,4,4,1,1,3,5,0,2,8,2,9,5,1,1
434,434,9,2,0,4,4,0,2,1,3,1,0,5,1,9,3,5,1
435,435,9,2,0,4,5,0,0,2,5,0,2,6,5,4,6,9,1
436,436,2,0,0,4,10,0,1,0,7,1,0,2,9,4,5,4,1
437,437,8,1,1,4,7,1,2,3,4,0,0,6,2,9,10,9,1
438,438,3,0,0,4,10,0,0,1,2,1,0,2,4,4,9,4,1
439,439,2,0,0,4,8,1,1,2,1,0,0,5,2,7,4,2,1
440,440,7,1,0,4,8,0,2,0,3,1,0,7,9,3,2,10,1
441,441,7,1,0,4,10,1,0,3,3,0,1,6,3,3,4,2,1
442,442,0,0,0,4,8,0,1,1,6,1,0,6,3,6,4,4,1
443,443,9,2,0,4,7,0,0,2,6,0,2,5,10,7,4,7,1
444,444,8,1,1,4,9,0,0,0,2,1,1,10,2,6,3,3,1
445,445,6,0,0,4,10,1,1,3,7,0,0,3,2,1,6,6,1
446,446,9,2,0,4,5,0,2,1,7,1,0,5,6,6,2,7,1
447,447,1,0,0,4,1,1,0,2,2,0,0,2,3,9,7,6,1
448,448,3,0,0,4,3,0,1,0,6,1,0,10,4,9,9,3,1
449,449,9,2,0,4,5,0,0,3,7,0,2,9,10,9,6,7,1
450,450,8,1,1,4,1,0,0,1,3,1,1,9,6,2,1,9,1
451,451,7,1,0,4,4,1,1,2,3,0,2,2,2,1,9,10,1
452,452,8,1,1,4,9,0,2,0,7,1,0,4,9,3,2,2,1
453,453,0,0,0,4,9,1,0,3,2,0,0,5,8,4,1,6,1
454,454,9,2,1,4,9,0,0,1,7,1,2,9,4,3,6,7,1
455,455,7,1,0,4,3,1,2,2,6,0,0,7,9,8,2,1,1
456,456,4,0,0,4,8,0,0,0,3,1,0,3,9,7,10,4,1
457,457,10,2,0,4,5,0,0,3,9,0,2,3,9,8,9,7,1
458,458,10,2,1,4,5,0,0,1,5,1,2,7,7,5,8,8,1
459,459,3,0,0,4,10,1,0,2,1,0,0,4,8,10,9,3,1
460,460,0,0,0,4,2,0,1,0,3,1,0,6,6,7,10,3,1
461,461,7,1,0,4,8,1,2,3,4,0,0,5,10,1,1,5,1
462,462,4,0,0,4,7,0,0,1,4,1,0,7,5,7,3,2,1
463,463,6,0,0,4,1,1,1,2,3,0,0,5,4,3,10,6,1
464,464,7,1,0,4,7,0,2,0,6,1,0,7,7,10,5,6,1
465,465,2,0,0,4,10,1,0,3,4,0,0,1,5,4,9,6,1
466,466,4,0,0,4,2,0,1,1,5,1,0,7,6,7,2,4,1
467,467,10,2,0,4,6,0,0,2,6,0,2,8,6,3,10,7,1
468,468,5,0,0,4,9,0,0,0,2,1,0,7,8,9,4,2,1
469,469,9,2,0,4,5,0,0,3,5,0,2,1,5,5,9,8,1
470,470,9,2,1,4,2,0,2,1,5,1,0,4,7,5,1,6,1
471,471,9,2,0,4,7,0,0,2,5,0,2,5,9,8,7,7,1
472,472,5,0,0,4,7,0,1,0,4,1,0,2,7,4,1,6,1
473,473,8,1,1,4,3,1,2,3,1,0,0,4,10,6,3,7,1
474,474,5,0,0,4,5,0,0,1,2,1,0,7,9,2,1,4,1
475,475,3,0,0,4,6,1,1,2,6,0,0,7,6,10,4,6,1
476,476,8,1,1,4,1,0,2,0,2,1,0,4,9,6,10,7,1
477,477,4,0,0,4,2,1,0,3,5,0,0,7,8,1,2,3,1
478,478,7,1,1,4,2,0,1,1,7,1,2,5,9,7,10,3,1
479,479,7,1,0,4,7,1,2,2,2,0,0,7,2,7,3,2,1
480,480,2,0,0,4,1,0,0,0,6,1,0,9,10,5,9,1,1
481,481,5,0,0,4,1,1,1,3,3,0,0,8,8,3,6,6,1
482,482,7,1,0,4,1,0,2,1,4,1,0,8,9,10,4,5,1
483,483,1,0,0,4,8,1,0,2,1,0,0,10,8,9,4,4,1
484,484,8,1,1,4,6,0,1,0,1,1,2,10,3,2,1,7,1
485,485,7,1,0,4,2,1,2,3,1,0,0,7,3,5,8,7,1
486,486,6,0,0,4,5,0,0,1,1,1,0,2,8,2,3,4,1
487,487,1,0,0,4,2,1,1,2,4,0,0,7,1,5,2,2,1
488,488,8,1,1,4,9,0,2,0,5,1,0,7,10,7,5,1,1
489,489,6,0,0,4,8,1,0,3,6,0,0,2,6,10,5,1,1
490,490,5,0,0,4,2,0,1,1,2,1,0,8,9,2,5,6,1
491,491,7,1,0,4,6,1,2,2,1,0,0,5,5,6,3,9,1
492,492,1,0,0,4,9,0,0,0,2,1,0,2,10,10,1,4,1
493,493,4,0,0,4,2,1,1,3,2,0,0,4,2,10,7,1,1
494,494,7,1,0,4,7,0,2,1,5,1,0,5,9,10,6,1,1
495,495,10,2,0,4,6,0,0,2,7,0,2,9,1,7,10,8,1
496,496,2,0,0,4,3,0,1,0,3,1,0,8,2,3,8,2,1
497,497,7,1,0,4,7,1,2,3,2,0,0,7,1,9,10,3,1
498,498,4,0,0,4,8,0,0,1,1,1,0,4,5,4,1,5,1
499,499,2,0,0,4,7,1,1,2,4,0,0,6,5,3,1,6,1
500,500,7,1,0,4,8,0,2,0,2,1,0,7,6,2,2,3,1
501,501,5,0,0,4,6,1,0,3,6,0,0,5,1,10,10,4,1
502,502,7,1,1,4,8,0,1,1,7,1,2,8,9,7,6,2,1
503,503,7,1,0,4,2,1,2,2,1,0,0,6,9,4,10,9,1
504,504,2,0,0,4,3,0,0,0,2,1,0,7,5,9,1,3,1
505,505,3,0,0,4,3,1,1,3,7,0,0,5,1,8,8,2,1
506,506,9,2,1,4,10,0,0,1,6,1,2,3,3,2,4,7,1
507,507,7,1,0,4,7,1,0,2,3,0,1,1,9,1,2,2,1
508,508,6,0,0,4,10,0,1,0,7,1,0,6,1,4,5,1,1
509,509,7,1,0,4,3,1,2,3,7,0,0,8,10,1,4,4,1
510,510,4,0,0,4,4,0,0,1,3,1,0,4,1,3,7,5,1
511,511,7,1,0,4,6,1,1,2,6,0,2,3,7,5,3,5,1
512,512,7,1,0,4,8,0,2,0,1,1,0,5,8,5,3,1,1
513,513,2,0,0,4,5,1,0,3,7,0,0,5,9,9,7,3,1
514,514,7,1,1,4,6,0,1,1,6,1,2,9,8,6,3,4,1
515,515,7,1,0,4,1,1,2,2,7,0,0,8,10,8,2,6,1
516,516,2,0,0,4,3,0,0,0,1,1,0,3,9,5,6,4,1
517,517,8,1,0,4,7,1,1,3,5,0,2,10,5,5,8,8,1
518,518,7,1,0,4,6,0,2,1,3,1,0,8,1,5,6,10,1
519,519,5,0,0,4,1,1,0,2,5,0,0,9,9,5,1,5,1
520,520,2,0,0,4,10,0,1,0,2,1,0,6,5,8,1,6,1
521,521,7,1,0,4,10,1,2,3,1,0,0,4,3,6,10,4,1
522,522,8,1,1,4,7,0,0,1,5,1,1,2,4,3,10,8,1
523,523,5,0,0,4,4,1,1,2,7,0,0,9,4,3,4,3,1
524,524,7,1,0,4,4,0,2,0,3,1,0,4,2,10,2,8,1
525,525,9,2,0,4,6,0,0,3,5,0,2,9,10,6,7,8,1
526,526,9,2,1,4,10,0,0,1,6,1,2,8,9,3,4,9,1
527,527,10,2,0,4,5,0,0,2,5,0,2,7,6,3,8,10,1
528,528,4,0,0,4,3,0,0,0,7,1,0,3,6,3,7,6,1
529,529,4,0,0,4,3,1,1,3,1,0,0,7,8,2,9,5,1
530,530,7,1,0,4,1,0,2,1,5,1,0,4,3,4,10,7,1
531,531,7,1,0,4,10,1,0,2,6,0,1,7,3,8,2,6,1
532,532,4,0,0,4,2,0,1,0,2,1,0,4,2,2,1,3,1
533,533,7,1,0,4,7,1,2,3,5,0,0,8,7,9,3,3,1
534,534,8,1,1,4,5,0,0,1,5,1,1,4,9,1,2,2,1
535,535,7,1,0,4,5,1,1,2,1,0,2,9,2,7,4,5,1
536,536,7,1,0,4,5,0,2,0,2,1,0,4,4,7,5,5,1
537,537,3,0,0,4,9,1,0,3,5,0,0,9,4,10,3,1,1
538,538,8,1,1,4,10,0,1,1,5,1,2,2,3,9,1,1,1
539,539,7,1,0,4,4,1,2,2,5,0,0,7,8,5,1,9,1
540,540,0,0,0,4,5,0,0,0,4,1,0,5,6,8,10,2,1
541,541,2,0,0,4,9,1,1,3,5,0,0,2,6,8,4,1,1
542,542,7,1,0,4,7,0,2,1,1,1,0,7,8,6,6,10,1
543,543,2,0,0,4,1,1,0,2,1,0,0,6,6,1,2,4,1
544,544,3,0,0,4,5,0,1,0,3,1,0,2,4,5,1,2,1
545,545,7,1,0,4,6,1,2,3,3,0,0,7,1,6,9,4,1
546,546,6,0,1,4,1,0,0,1,6,1,0,8,8,9,5,6,1
547,547,10,2,1,4,5,0,0,2,6,0,2,3,10,2,10,10,1
548,548,10,2,0,4,8,0,0,0,7,1,2,4,10,4,5,8,1
549,549,8,1,0,4,4,1,0,3,4,0,1,7,2,8,9,6,1
550,550,7,1,1,4,5,0,1,1,2,1,2,4,8,6,9,7,1
551,551,7,1,1,4,2,1,2,2,4,0,0,4,6,4,9,10,1
552,552,3,0,0,4,7,0,0,0,3,1,0,5,10,8,8,1,1
553,553,10,2,0,4,5,0,0,3,5,0,2,1,1,10,9,10,1
554,554,8,1,1,4,2,0,2,1,1,1,0,4,7,7,6,5,1
555,555,6,0,0,4,10,1,0,2,4,0,0,3,8,9,10,4,1
556,556,4,0,0,4,6,0,1,0,5,1,0,3,9,7,2,3,1
557,557,7,1,0,4,2,1,2,3,7,0,0,8,10,9,8,10,1
558,558,4,0,0,4,6,0,0,1,3,1,0,2,2,9,9,6,1
559,559,2,0,0,4,1,1,1,2,6,0,0,4,2,3,10,2,1
560,560,7,1,0,4,2,0,2,0,2,1,0,6,6,3,7,4,1
561,561,3,0,0,4,5,1,0,3,4,0,0,7,10,2,9,5,1
562,562,0,0,0,4,1,0,1,1,1,1,0,1,6,2,7,1,1
563,563,7,1,0,4,3,1,2,2,5,0,0,5,3,10,9,7,1
564,564,9,2,1,4,4,0,0,0,6,1,2,6,6,10,1,10,1
565,565,9,2,0,4,7,0,0,3,7,0,2,10,7,10,3,10,1
566,566,7,1,0,4,3,0,2,1,6,1,0,8,9,5,9,9,1
567,567,3,0,0,4,3,1,0,2,1,0,0,5,10,5,1,6,1
568,568,2,0,0,4,5,0,1,0,2,1,0,7,8,1,1,6,0
569,569,7,1,0,4,7,1,2,3,7,0,0,6,2,3,6,10,0
570,570,3,0,0,4,1,0,0,1,3,1,0,10,8,1,6,1,0
571,571,10,2,0,4,7,0,0,2,9,0,2,3,9,3,6,10,0
572,572,7,1,1,4,10,0,2,0,2,1,0,4,9,7,9,5,0
573,573,3,0,0,4,4,1,0,3,3,0,0,2,9,3,7,4,0
574,574,9,2,1,4,7,0,0,1,7,1,2,1,8,4,1,7,0
575,575,8,1,1,4,3,1,2,2,7,0,0,4,4,10,8,3,0
576,576,5,0,0,4,4,0,0,0,6,1,0,7,3,1,10,6,0
577,577,10,2,0,4,6,0,0,3,10,0,2,5,5,9,7,9,0
578,578,7,1,0,4,10,0,2,1,3,1,0,4,4,10,9,6,0
579,579,8,1,0,4,10,1,0,2,6,0,1,4,3,4,1,3,0
580,580,0,0,0,4,1,0,1,0,2,1,0,9,4,3,2,4,0
581,581,10,2,0,4,7,0,0,3,6,0,2,9,10,2,2,10,0
582,582,1,0,0,4,8,0,0,1,4,1,0,1,10,8,7,5,0
583,583,0,0,0,4,1,1,1,2,2,0,0,1,9,3,3,6,0
584,584,7,1,0,4,1,0,2,0,4,1,0,4,9,9,4,2,0
585,585,5,0,0,4,10,1,0,3,6,0,0,7,1,1,9,1,0
586,586,6,0,0,4,2,0,1,1,2,1,0,10,8,4,8,3,0
587,587,7,1,0,4,10,1,2,2,3,0,0,6,3,1,9,1,0
588,588,6,0,0,4,8,0,0,0,1,1,0,8,10,3,9,1,0
589,589,9,2,0,4,7,0,0,3,7,0,2,9,5,9,3,7,0
590,590,9,2,1,4,2,0,0,1,10,1,2,9,10,3,6,10,0
591,591,2,0,0,4,4,1,0,2,1,0,0,5,7,2,9,1,0
592,592,2,0,0,4,9,0,1,0,4,1,0,2,5,8,7,5,0
593,593,7,1,0,4,7,1,2,3,6,0,0,6,1,5,10,9,0
594,594,6,0,0,4,5,0,0,1,7,1,0,8,2,6,2,1,0
595,595,5,0,0,4,2,1,1,2,1,0,0,8,1,9,3,2,0
596,596,7,1,0,4,1,0,2,0,4,1,0,7,9,4,9,3,0
597,597,5,0,0,4,4,1,0,3,3,0,0,7,9,6,2,4,0
598,598,6,0,0,4,9,0,1,1,3,1,0,6,6,9,10,1,0
599,599,9,2,0,4,5,0,0,2,8,0,2,3,10,6,4,8,0
600,600,6,0,0,4,5,0,0,0,5,1,0,2,9,4,10,5,0
601,601,1,0,0,4,5,1,1,3,1,0,0,6,10,8,1,1,0
602,602,7,1,0,4,1,0,2,1,7,1,0,5,10,9,2,8,0
603,603,7,1,0,4,3,1,0,2,2,0,1,5,5,10,4,4,0
604,604,2,0,0,4,3,0,1,0,5,1,0,6,3,8,9,5,0
605,605,8,1,0,4,5,1,2,3,2,0,0,5,6,2,5,1,0
606,606,5,0,0,4,8,0,0,1,4,1,0,7,1,3,6,2,0
607,607,2,0,0,4,4,1,1,2,4,0,0,3,6,1,6,1,0
608,608,7,1,0,4,7,0,2,0,1,1,0,8,7,4,9,9,0
609,609,0,0,0,4,8,1,0,3,2,0,0,7,1,10,4,6,0
610,610,8,1,1,4,1,0,1,1,5,1,2,5,7,6,2,2,0
611,611,7,1,0,4,3,1,2,2,2,0,0,6,7,1,9,2,0
612,612,4,0,0,4,5,0,0,0,5,1,0,10,10,6,1,3,0
613,613,8,1,0,4,3,1,1,3,3,0,2,10,4,9,6,5,0
614,614,7,1,0,4,6,0,2,1,1,1,0,4,3,1,5,4,0
615,615,6,0,0,4,8,1,0,2,6,0,0,3,4,9,3,6,0
616,616,4,0,0,4,9,0,1,0,6,1,0,10,6,3,8,6,0
617,617,7,1,0,4,4,1,2,3,6,0,0,7,5,1,9,6,0
618,618,2,0,0,4,2,0,0,1,7,1,0,9,6,6,4,2,0
619,619,5,0,0,4,10,1,1,2,2,0,0,5,9,8,3,1,0
620,620,7,1,1,4,7,0,2,0,1,1,0,5,8,7,10,3,0
621,621,5,0,0,4,4,1,0,3,4,0,0,6,6,3,2,5,0
622,622,4,0,0,4,3,0,1,1,3,1,0,10,9,9,2,2,0
623,623,7,1,0,4,7,1,2,2,4,0,0,7,5,4,7,1,0
624,624,10,2,1,4,3,0,0,0,9,1,2,3,9,3,1,7,0
625,625,9,2,0,4,6,0,0,3,8,0,2,6,7,9,3,9,0
626,626,7,1,1,4,4,0,2,1,6,1,0,4,6,4,6,10,0
627,627,6,0,0,4,6,1,0,2,6,0,0,8,3,10,5,2,0
628,628,4,0,0,4,7,0,1,0,7,1,0,2,7,1,5,6,0
629,629,10,2,0,4,6,0,0,3,6,0,2,1,10,3,10,10,0
630,630,2,0,0,4,4,0,0,1,5,1,0,7,3,3,8,2,0
631,631,2,0,0,4,9,1,1,2,5,0,0,8,4,1,8,4,0
632,632,7,1,0,4,9,0,2,0,3,1,0,8,2,6,8,3,0
633,633,8,1,0,4,5,1,0,3,4,0,1,6,2,4,3,6,0
634,634,3,0,0,4,6,0,1,1,5,1,0,5,1,7,4,2,0
635,635,7,1,0,4,6,1,2,2,4,0,0,5,9,4,8,5,0
636,636,6,0,0,4,1,0,0,0,1,1,0,8,7,1,2,6,0
637,637,3,0,0,4,4,1,1,3,3,0,0,4,5,2,7,5,0
638,638,9,2,1,4,5,0,2,1,1,1,0,8,5,6,2,6,0
639,639,8,1,0,4,5,1,0,2,4,0,1,10,5,9,1,10,0
640,640,3,0,0,4,6,0,1,0,6,1,0,5,4,8,6,1,0
641,641,8,1,0,4,1,1,2,3,2,0,0,7,10,2,4,6,0
642,642,8,1,1,4,3,0,0,1,6,1,1,10,2,7,1,3,0
643,643,4,0,0,4,7,1,1,2,5,0,0,6,10,6,4,2,0
644,644,7,1,0,4,8,0,2,0,4,1,0,6,2,2,6,4,0
645,645,1,0,0,4,6,1,0,3,2,0,0,4,3,8,10,6,0
646,646,1,0,0,4,2,0,1,1,3,1,0,6,7,9,7,1,0
647,647,8,1,0,4,3,1,2,2,4,0,0,8,6,6,3,8,0
648,648,3,0,0,4,8,0,0,0,1,1,0,9,3,6,1,3,0
649,649,2,0,0,4,4,1,1,3,1,0,0,10,9,9,1,1,0
650,650,9,2,0,4,5,0,2,1,3,1,0,6,2,3,2,8,0
651,651,4,0,0,4,5,1,0,2,2,0,0,1,2,1,7,3,0
652,652,0,0,0,4,10,0,1,0,5,1,0,10,9,8,7,6,0
653,653,7,1,0,4,8,1,2,3,1,0,0,7,9,3,8,3,0
654,654,6,0,0,4,6,0,0,1,5,1,0,1,2,6,10,3,0
655,655,1,0,0,4,4,1,1,2,1,0,0,8,7,10,7,6,0
656,656,7,1,0,4,7,0,2,0,1,1,0,7,3,3,6,7,0
657,657,7,1,0,4,9,1,0,3,2,0,1,9,2,5,2,2,0
658,658,10,2,1,4,2,0,0,1,7,1,2,5,5,9,9,7,0
659,659,7,1,0,4,7,1,2,2,7,0,0,8,1,4,7,10,0
660,660,0,0,0,4,7,0,0,0,5,1,0,8,5,1,1,5,0
661,661,4,0,0,4,3,1,1,3,1,0,0,2,9,3,2,4,0
662,662,9,2,0,4,3,0,2,1,1,1,0,8,5,8,6,6,0
663,663,10,2,0,4,6,0,0,2,7,0,2,5,8,2,6,7,0
664,664,7,1,1,4,5,0,1,0,2,1,2,6,3,7,3,7,0
665,665,7,1,0,4,6,1,2,3,6,0,0,8,4,3,1,7,0
666,666,6,0,0,4,10,0,0,1,1,1,0,5,5,10,7,2,0
667,667,6,0,0,4,3,1,1,2,1,0,0,2,8,10,3,4,0
668,668,7,1,0,4,4,0,2,0,7,1,0,7,2,1,1,10,0
669,669,6,0,0,4,5,1,0,3,1,0,0,8,2,3,10,2,0
670,670,5,0,0,4,10,0,1,1,3,1,0,10,6,2,4,6,0
671,671,7,1,0,4,1,1,2,2,6,0,0,7,9,8,8,5,0
672,672,7,1,1,4,10,0,0,0,3,1,1,7,10,5,9,6,0
673,673,7,1,0,4,5,1,1,3,6,0,2,3,1,4,8,7,0
674,674,9,2,0,4,9,0,2,1,4,1,0,7,1,4,8,4,0
675,675,3,0,0,4,10,1,0,2,1,0,0,7,3,2,7,3,0
676,676,10,2,1,4,1,0,0,0,7,1,2,1,1,5,7,8,0
677,677,7,1,0,4,7,1,2,3,7,0,0,5,6,3,9,3,0
678,678,8,1,1,4,1,0,0,1,3,1,1,3,8,2,2,2,0
679,679,6,0,0,4,9,1,1,2,6,0,0,7,6,1,7,6,0
680,680,7,1,0,4,9,0,2,0,4,1,0,8,2,6,5,1,0
681,681,9,2,0,4,5,0,0,3,9,0,2,1,8,3,1,8,0
682,682,10,2,1,4,7,0,0,1,5,1,2,9,10,1,5,10,0
683,683,7,1,0,4,3,1,2,2,4,0,0,5,7,6,2,7,0
684,684,9,2,1,4,10,0,0,0,6,1,2,4,5,6,9,10,0
685,685,10,2,0,4,5,0,0,3,9,0,2,2,6,6,5,9,0
686,686,9,2,0,4,10,0,2,1,1,1,0,7,3,8,8,2,0
687,687,0,0,0,4,2,1,0,2,6,0,0,4,3,2,9,2,0
688,688,10,2,1,4,8,0,0,0,8,1,2,10,4,5,3,10,0
689,689,7,1,0,4,8,1,2,3,1,0,0,5,8,7,3,6,0
690,690,2,0,0,4,8,0,0,1,7,1,0,4,6,5,7,4,0
691,691,7,1,0,4,5,1,1,2,7,0,2,4,1,5,1,10,0
692,692,7,1,0,4,4,0,2,0,7,1,0,4,10,5,3,6,0
693,693,0,0,0,4,1,1,0,3,7,0,0,6,7,7,10,1,0
694,694,5,0,0,4,3,0,1,1,4,1,0,4,6,4,4,2,0
695,695,7,1,0,4,10,1,2,2,5,0,0,7,9,5,9,2,0
696,696,10,2,1,4,4,0,0,0,6,1,2,5,7,7,2,9,0
697,697,3,0,0,4,6,1,1,3,4,0,0,2,9,4,1,4,0
698,698,9,2,0,4,8,0,2,1,7,1,0,8,9,1,7,2,0
699,699,0,0,0,4,9,1,0,2,3,0,0,5,9,4,4,6,0
700,700,4,0,0,4,2,0,1,0,3,1,0,2,8,6,5,4,0
701,701,7,1,0,4,5,1,2,3,3,0,0,5,9,2,3,1,0
702,702,5,0,0,4,7,0,0,1,5,1,0,10,10,8,9,1,0
703,703,3,0,0,4,4,1,1,2,7,0,0,3,10,4,7,2,0
704,704,8,1,1,4,6,0,2,0,1,1,0,6,3,4,4,5,0
705,705,0,0,0,4,7,1,0,3,7,0,0,5,5,4,7,2,0
706,706,2,0,0,4,6,0,1,1,7,1,0,4,10,2,1,2,0
707,707,7,1,0,4,8,1,2,2,1,0,0,8,5,8,6,10,0
708,708,6,0,0,4,6,0,0,0,2,1,0,5,5,6,7,6,0
709,709,3,0,0,4,1,1,1,3,4,0,0,9,6,5,10,6,0
710,710,9,2,0,4,6,0,2,1,5,1,0,4,6,4,7,5,0
711,711,1,0,0,4,3,1,0,2,7,0,0,4,9,6,9,4,0
712,712,0,0,0,4,8,0,1,0,5,1,0,10,1,9,1,4,0
713,713,7,1,0,4,9,1,2,3,5,0,0,6,4,1,6,6,0
714,714,1,0,0,4,7,0,0,1,6,1,0,7,10,7,9,1,0
715,715,9,2,0,4,5,0,0,2,6,0,2,9,3,8,1,10,0
716,716,7,1,1,4,7,0,2,0,4,1,0,5,4,7,8,7,0
717,717,9,2,0,4,6,0,0,3,10,0,2,3,3,5,10,9,0
718,718,3,0,0,4,2,0,1,1,3,1,0,9,1,7,8,4,0
719,719,7,1,0,4,7,1,2,2,2,0,0,8,5,8,5,5,0
720,720,7,1,1,4,8,0,0,0,2,1,1,7,3,2,4,7,0
721,721,10,2,0,4,7,0,0,3,10,0,2,6,6,3,8,10,0
722,722,9,2,0,4,9,0,2,1,1,1,0,7,8,2,5,7,0
723,723,5,0,0,4,9,1,0,2,2,0,0,7,4,9,8,5,0
724,724,10,2,1,4,5,0,0,0,8,1,2,1,7,1,9,10,0
725,725,10,2,0,4,6,0,0,3,7,0,2,3,9,9,10,9,0
726,726,4,0,0,4,4,0,0,1,7,1,0,1,6,3,8,2,0
727,727,8,1,0,4,3,1,1,2,7,0,2,1,6,8,8,6,0
728,728,7,1,0,4,9,0,2,0,2,1,0,8,3,2,3,2,0
729,729,1,0,0,4,6,1,0,3,7,0,0,8,9,2,5,2,0
730,730,3,0,0,4,1,0,1,1,3,1,0,8,4,1,2,1,0
731,731,7,1,0,4,3,1,2,2,2,0,0,8,6,2,6,10,0
732,732,3,0,0,4,2,0,0,0,6,1,0,7,8,5,4,4,0
733,733,9,2,0,4,6,0,0,3,9,0,2,10,1,9,3,8,0
734,734,9,2,0,4,7,0,2,1,4,1,0,5,7,8,4,8,0
735,735,10,2,0,4,5,0,0,2,8,0,2,8,4,9,9,9,0
736,736,8,1,1,4,10,0,1,0,4,1,2,2,4,2,4,9,0
737,737,7,1,0,4,10,1,2,3,1,0,0,7,2,9,1,9,0
738,738,8,1,1,4,4,0,0,1,1,1,1,4,3,7,3,4,0
739,739,9,2,0,4,6,0,0,2,6,0,2,1,5,2,7,7,0
740,740,7,1,0,4,6,0,2,0,1,1,0,8,5,6,8,2,0
741,741,9,2,0,4,6,0,0,3,9,0,2,4,7,5,4,9,0
742,742,0,0,0,4,5,0,1,1,1,1,0,2,8,4,3,6,0
743,743,8,1,0,4,5,1,2,2,4,0,0,6,6,3,2,2,0
744,744,9,2,1,4,3,0,0,0,10,1,2,8,8,1,3,8,0
745,745,1,0,0,4,5,1,1,3,7,0,0,9,9,2,3,3,0
746,746,9,2,0,4,4,0,2,1,4,1,0,8,9,5,8,6,0
747,747,10,2,0,4,7,0,0,2,5,0,2,4,9,1,1,8,0
748,748,1,0,0,4,8,0,1,0,7,1,0,4,10,4,3,5,0
749,749,7,1,0,4,10,1,2,3,5,0,0,8,10,8,8,9,0
750,750,7,1,1,4,5,0,0,1,3,1,1,10,5,7,3,9,0
751,751,6,0,0,4,9,1,1,2,7,0,0,3,5,7,4,1,0
752,752,7,1,0,4,5,0,2,0,6,1,0,5,7,3,6,6,0
753,753,2,0,0,4,4,1,0,3,7,0,0,2,9,7,2,4,0
754,754,5,0,0,4,4,0,1,1,2,1,0,3,6,4,7,6,0
755,755,7,1,0,4,7,1,2,2,4,0,0,8,8,9,10,10,0
756,756,6,0,0,4,9,0,0,0,4,1,0,5,6,6,6,6,0
757,757,8,1,0,4,2,1,1,3,6,0,2,10,9,3,9,8,0
758,758,9,2,1,4,5,0,2,1,1,1,0,8,4,10,8,3,0
759,759,3,0,0,4,4,1,0,2,2,0,0,10,9,8,2,2,0
760,760,6,0,0,4,6,0,1,0,1,1,0,2,1,4,7,4,0
761,761,7,1,0,4,10,1,2,3,4,0,0,7,8,5,4,6,0
762,762,10,2,1,4,8,0,1,1,9,1,2,5,6,10,2,7,0
763,763,2,0,0,4,5,1,1,2,5,0,0,2,4,7,3,5,0
764,764,7,1,1,4,10,0,2,0,7,1,0,7,1,2,5,5,0
765,765,4,0,0,4,8,1,0,3,6,0,0,3,4,7,6,3,0
766,766,0,0,0,4,9,0,1,1,1,1,0,7,9,10,5,4,0
767,767,7,1,0,4,8,1,2,2,5,0,0,7,4,8,7,1,0
768,768,4,0,0,4,1,0,0,0,7,1,0,8,7,10,5,1,0
769,769,5,0,0,4,2,1,1,3,6,0,0,9,9,4,1,6,0
770,770,9,2,0,4,9,0,2,1,5,1,0,6,3,6,2,8,0
771,771,1,0,0,4,5,1,0,2,2,0,0,5,1,4,10,3,0
772,772,9,2,1,4,1,0,0,0,5,1,2,5,8,9,8,7,0
773,773,7,1,0,4,7,1,2,3,6,0,0,5,7,8,10,5,0
774,774,6,0,0,4,7,0,0,1,6,1,0,1,8,5,8,2,0
775,775,10,2,0,4,7,0,0,2,7,0,2,6,3,10,4,9,0
776,776,9,2,1,4,2,0,0,0,8,1,2,8,5,10,10,7,0
777,777,3,0,0,4,7,1,0,3,2,0,0,1,3,6,10,4,0
778,778,9,2,1,4,1,0,0,1,9,1,2,8,8,10,6,7,0
779,779,7,1,0,4,2,1,2,2,4,0,0,8,1,8,9,7,0
780,780,5,0,0,4,8,0,0,0,4,1,0,1,8,7,3,3,0
781,781,0,0,0,4,1,1,1,3,2,0,0,2,4,1,10,3,0
782,782,9,2,0,4,5,0,2,1,7,1,0,4,8,10,3,9,0
783,783,2,0,0,4,10,1,0,2,1,0,0,2,1,9,8,3,0
784,784,4,0,0,4,8,0,1,0,4,1,0,7,9,3,4,3,0
785,785,7,1,0,4,2,1,2,3,6,0,0,6,10,1,8,3,0
786,786,3,0,0,4,9,0,0,1,2,1,0,3,2,5,7,3,0
787,787,0,0,0,4,5,1,1,2,7,0,0,3,8,5,2,5,0
788,788,7,1,0,4,2,0,2,0,7,1,0,6,8,4,9,5,0
789,789,6,0,0,4,6,1,0,3,2,0,0,1,6,10,1,5,0
790,790,7,1,1,4,6,0,1,1,5,1,2,10,9,9,2,5,0
791,791,9,2,0,4,6,0,1,2,7,0,2,2,3,7,10,9,0
792,792,8,1,1,4,1,0,0,0,1,1,1,8,5,8,1,3,0
793,793,1,0,0,4,6,1,1,3,1,0,0,2,3,10,3,5,0
794,794,9,2,1,4,2,0,2,1,6,1,0,8,4,8,6,3,0
795,795,9,2,0,4,7,0,0,2,7,0,2,3,4,8,9,9,0
796,796,10,2,1,4,10,0,0,0,5,1,2,10,1,3,9,7,0
797,797,7,1,0,4,1,1,2,3,2,0,0,5,4,4,2,5,0
798,798,5,0,0,4,3,0,0,1,1,1,0,9,7,3,1,1,0
799,799,6,0,0,4,1,1,1,2,1,0,0,1,10,1,1,5,0
800,800,7,1,0,4,10,0,2,0,3,1,0,7,8,8,3,7,0
801,801,6,0,0,4,7,1,0,3,6,0,0,7,10,5,8,3,0
802,802,8,1,1,4,2,0,1,1,1,1,2,7,4,8,3,8,0
803,803,7,1,0,4,4,1,2,2,6,0,0,4,4,9,6,6,0
804,804,10,2,1,4,7,0,0,0,6,1,2,2,10,10,3,7,0
805,805,0,0,0,4,5,1,1,3,7,0,0,8,9,10,9,4,0
806,806,9,2,0,4,4,0,2,1,3,1,0,4,2,2,8,8,0
807,807,4,0,0,4,5,1,0,2,7,0,0,5,8,2,7,6,0
808,808,1,0,0,4,2,0,1,0,6,1,0,8,2,3,7,6,0
809,809,7,1,0,4,1,1,2,3,2,0,0,4,4,4,10,7,0
810,810,8,1,1,4,10,0,0,1,3,1,1,10,1,8,7,10,0
811,811,10,2,0,4,7,0,0,2,9,0,2,8,3,8,8,8,0
812,812,10,2,1,4,10,0,0,0,10,1,2,5,6,10,2,9,0
813,813,7,1,0,4,4,1,0,3,6,0,1,7,3,6,4,2,0
814,814,2,0,0,4,7,0,1,1,5,1,0,6,5,2,4,6,0
815,815,7,1,0,4,10,1,2,2,3,0,0,4,10,8,3,5,0
816,816,5,0,0,4,6,0,0,0,4,1,0,9,8,10,3,1,0
817,817,1,0,0,4,9,1,1,3,4,0,0,9,4,9,9,5,0
818,818,9,2,0,4,6,0,2,1,1,1,0,5,1,4,6,6,0
819,819,9,2,0,4,7,0,0,2,8,0,2,6,2,2,10,10,0
820,820,6,0,0,4,6,0,1,0,6,1,0,5,3,6,8,6,0
821,821,7,1,0,4,10,1,2,3,7,0,0,4,8,8,3,5,0
822,822,5,0,0,4,2,0,0,1,5,1,0,5,1,3,5,2,0
823,823,4,0,0,4,2,1,1,2,3,0,0,10,9,2,10,5,0
824,824,7,1,0,4,10,0,2,0,5,1,0,6,1,5,5,10,0
825,825,10,2,0,4,5,0,0,3,10,0,2,7,4,6,2,8,0
826,826,2,0,0,4,6,0,1,1,2,1,0,8,9,6,10,6,0
827,827,9,2,0,4,7,0,0,2,6,0,2,7,1,4,7,10,0
828,828,7,1,1,4,3,0,0,0,7,1,1,1,4,2,4,8,0
829,829,10,2,0,4,5,0,0,3,7,0,2,7,6,5,3,9,0
830,830,9,2,0,4,6,0,2,1,3,1,0,4,3,1,8,3,0
831,831,3,0,0,4,2,1,0,2,1,0,0,1,6,2,4,2,0
832,832,1,0,0,4,9,0,1,0,7,1,0,7,7,1,5,6,0
833,833,7,1,0,4,7,1,2,3,4,0,0,4,6,10,8,1,0
834,834,1,0,0,4,4,0,0,1,2,1,0,2,5,5,8,3,0
835,835,0,0,0,4,10,1,1,2,4,0,0,4,4,3,4,3,0
836,836,7,1,0,4,8,0,2,0,6,1,0,6,2,9,7,10,0
837,837,6,0,0,4,8,1,0,3,6,0,0,10,9,9,9,3,0
838,838,7,1,1,4,5,0,1,1,1,1,2,2,3,4,2,4,0
839,839,7,1,0,4,3,1,2,2,2,0,0,8,9,3,8,1,0
840,840,7,1,1,4,4,0,0,0,2,1,1,6,1,9,2,6,0
841,841,3,0,0,4,10,1,1,3,1,0,0,9,5,7,10,1,0
842,842,10,2,1,4,5,0,0,1,9,1,2,7,8,9,3,8,0
843,843,4,0,0,4,4,1,0,2,1,0,0,1,6,3,7,6,0
844,844,9,2,1,4,2,0,0,0,8,1,2,2,1,9,8,9,0
845,845,7,1,0,4,2,1,2,3,4,0,0,8,6,3,1,10,0
846,846,4,0,0,4,10,0,0,1,5,1,0,5,6,7,9,3,0
847,847,8,1,0,4,5,1,1,2,6,0,2,6,4,9,4,6,0
848,848,7,1,0,4,2,0,2,0,3,1,0,5,6,10,6,1,0
849,849,2,0,0,4,7,1,0,3,1,0,0,8,5,7,6,6,0
850,850,5,0,0,4,7,0,1,1,6,1,0,10,7,8,9,2,0
851,851,7,1,0,4,10,1,2,2,2,0,0,4,10,8,5,10,0
852,852,3,0,0,4,8,0,0,0,1,1,0,5,6,2,9,4,0
853,853,5,0,0,4,9,1,1,3,3,0,0,6,5,8,4,5,0
854,854,10,2,1,4,6,0,0,1,10,1,2,8,3,5,7,7,0
855,855,6,0,0,4,9,1,0,2,1,0,0,4,10,7,2,2,0
856,856,3,0,0,4,9,0,1,0,5,1,0,1,4,1,3,5,0
857,857,7,1,0,4,3,1,2,3,6,0,0,5,9,9,2,9,0
858,858,5,0,0,4,7,0,0,1,7,1,0,4,10,5,1,1,0
859,859,8,1,0,4,4,1,1,2,6,0,2,7,7,5,8,8,0
860,860,7,1,0,4,1,0,2,0,2,1,0,5,6,1,1,6,0
861,861,3,0,0,4,4,1,0,3,3,0,0,6,4,10,3,4,0
862,862,7,1,1,4,5,0,1,1,1,1,2,2,4,7,6,3,0
863,863,7,1,0,4,7,1,2,2,7,0,0,8,5,3,2,3,0
864,864,5,0,0,4,10,0,0,0,6,1,0,5,2,2,7,3,0
865,865,0,0,0,4,10,1,1,3,3,0,0,7,6,7,4,5,0
866,866,9,2,1,4,10,0,2,1,6,1,0,5,3,9,1,9,0
867,867,3,0,0,4,3,1,0,2,4,0,0,2,5,5,10,6,0
868,868,8,1,1,4,1,0,1,0,5,1,2,2,5,8,3,6,0
869,869,7,1,0,4,2,1,2,3,7,0,0,8,1,1,1,6,0
870,870,1,0,0,4,3,0,0,1,7,1,0,5,3,2,3,6,0
871,871,5,0,0,4,10,1,1,2,5,0,0,8,3,3,9,5,0
872,872,7,1,0,4,4,0,2,0,4,1,0,5,5,9,10,6,0
873,873,7,1,0,4,2,1,0,3,1,0,1,1,10,3,9,2,0
874,874,0,0,0,4,2,0,1,1,3,1,0,5,5,2,1,1,0
875,875,9,2,0,4,6,0,0,2,10,0,2,10,3,4,2,7,0
876,876,6,0,0,4,10,0,0,0,2,1,0,8,2,4,7,2,0
877,877,0,0,0,4,8,1,1,3,2,0,0,6,4,5,2,6,0
878,878,9,2,0,4,4,0,2,1,1,1,0,5,9,10,5,8,0
879,879,7,1,0,4,6,1,0,2,7,0,1,8,5,8,10,3,0
880,880,5,0,0,4,1,0,1,0,4,1,0,1,9,7,3,3,0
881,881,7,1,0,4,3,1,2,3,7,0,0,4,3,3,9,2,0
882,882,6,0,0,4,7,0,0,1,6,1,0,4,2,4,5,3,0
883,883,7,1,0,4,10,1,1,2,3,0,2,2,4,1,5,10,0
884,884,7,1,0,4,6,0,2,0,3,1,0,8,1,3,10,3,0
885,885,1,0,0,4,6,1,0,3,3,0,0,10,4,2,3,2,0
886,886,7,1,1,4,2,0,1,1,3,1,2,9,1,4,1,3,0
887,887,8,1,0,4,8,1,2,2,5,0,0,8,4,8,5,9,0
888,888,6,0,0,4,6,0,0,0,1,1,0,1,6,1,5,4,0
889,889,3,0,0,4,2,1,1,3,2,0,0,6,10,4,8,4,0
890,890,9,2,0,4,5,0,2,1,1,1,0,5,8,1,4,1,0
891,891,6,0,0,4,4,1,0,2,6,0,0,6,3,9,7,4,0
892,892,3,0,0,4,7,0,1,0,1,1,0,10,8,4,5,4,0
893,893,7,1,0,4,1,1,2,3,2,0,0,5,3,1,2,2,0
894,894,8,1,1,4,10,0,0,1,7,1,1,8,6,10,10,9,0
895,895,1,0,0,4,9,1,1,2,4,0,0,2,10,9,1,6,0
896,896,8,1,1,4,6,0,2,0,1,1,0,8,1,8,4,1,0
897,897,8,1,0,4,5,1,0,3,7,0,1,10,4,2,3,5,0
898,898,0,0,0,4,1,0,1,1,1,1,0,4,7,9,7,6,0
899,899,7,1,0,4,6,1,2,2,2,0,0,4,7,8,2,6,0
900,900,7,1,1,4,6,0,0,0,1,1,1,7,9,5,4,1,0
901,901,3,0,0,4,9,1,1,3,2,0,0,1,4,2,1,6,0
902,902,9,2,0,4,7,0,2,1,4,1,0,4,1,1,4,2,0
903,903,4,0,0,4,6,1,0,2,7,0,0,9,10,2,7,6,0
904,904,0,0,0,4,3,0,1,0,4,1,0,10,1,6,7,6,0
905,905,7,1,0,4,8,1,2,3,2,0,0,8,7,3,3,9,0
906,906,8,1,1,4,6,0,0,1,4,1,1,7,6,3,1,6,0
907,907,0,0,0,4,3,1,1,2,3,0,0,1,10,7,1,1,0
908,908,7,1,0,4,8,0,2,0,5,1,0,8,5,2,8,3,0
909,909,7,1,0,4,1,1,0,3,6,0,1,2,10,2,5,8,0
910,910,3,0,0,4,10,0,1,1,1,1,0,1,10,8,6,6,0
911,911,7,1,0,4,4,1,2,2,7,0,0,7,7,8,10,5,0
912,912,6,0,0,4,7,0,0,0,3,1,0,6,9,1,1,4,0
913,913,5,0,0,4,10,1,1,3,5,0,0,3,10,8,4,2,0
914,914,9,2,1,4,9,0,2,1,2,1,0,4,4,1,2,7,0
915,915,3,0,0,4,9,1,0,2,5,0,0,5,7,2,4,3,0
916,916,5,0,0,4,4,0,1,0,5,1,0,6,8,5,7,3,0
917,917,7,1,0,4,9,1,2,3,1,0,0,6,6,5,7,4,0
918,918,10,2,1,4,3,0,0,1,6,1,2,9,8,1,7,9,0
919,919,7,1,0,4,7,1,1,2,5,0,2,7,5,10,9,1,0
920,920,7,1,0,4,6,0,2,0,2,1,0,5,9,2,4,10,0
921,921,6,0,0,4,8,1,0,3,5,0,0,8,8,1,9,2,0
922,922,6,0,0,4,7,0,1,1,4,1,0,3,7,6,4,6,0
923,923,7,1,0,4,7,1,2,2,7,0,0,7,3,10,1,3,0
924,924,2,0,0,4,1,0,0,0,2,1,0,9,3,3,4,2,0
925,925,1,0,0,4,3,1,1,3,3,0,0,3,8,1,3,1,0
926,926,9,2,0,4,9,0,2,1,7,1,0,8,8,5,10,3,0
927,927,1,0,0,4,2,1,0,2,2,0,0,5,4,4,4,5,0
928,928,10,2,1,4,7,0,0,0,5,1,2,10,4,5,5,10,0
929,929,7,1,0,4,2,1,2,3,7,0,0,6,7,6,5,10,0
930,930,7,1,1,4,10,0,0,1,2,1,1,10,1,6,10,7,0
931,931,9,2,0,4,5,0,0,2,9,0,2,2,5,4,8,7,0
932,932,7,1,0,4,7,0,2,0,4,1,0,7,6,7,4,9,0
933,933,1,0,0,4,5,1,0,3,5,0,0,9,4,9,1,1,0
934,934,6,0,0,4,5,0,1,1,4,1,0,1,2,9,7,3,0
935,935,7,1,0,4,2,1,2,2,6,0,0,4,2,6,1,7,0
936,936,7,1,1,4,5,0,0,0,4,1,1,2,9,1,7,2,0
937,937,5,0,0,4,9,1,1,3,7,0,0,8,10,7,1,1,0
938,938,9,2,0,4,9,0,2,1,1,1,0,6,4,5,8,8,0
939,939,9,2,0,4,7,0,0,2,6,0,2,4,4,10,8,10,0
940,940,2,0,0,4,7,0,1,0,7,1,0,9,8,10,1,5,0
941,941,9,2,0,4,5,0,0,3,5,0,2,10,10,5,3,9,0
942,942,5,0,0,4,4,0,0,1,5,1,0,9,5,5,7,4,0
943,943,2,0,0,4,2,1,1,2,6,0,0,1,7,9,7,3,0
944,944,8,1,1,4,9,0,2,0,7,1,0,5,8,8,8,10,0
945,945,7,1,0,4,3,1,0,3,2,0,1,8,2,8,1,4,0
946,946,7,1,1,4,7,0,1,1,5,1,2,2,8,10,2,4,0
947,947,7,1,0,4,3,1,2,2,7,0,0,5,4,9,2,10,0
948,948,6,0,0,4,8,0,0,0,6,1,0,3,10,6,7,3,0
949,949,2,0,0,4,6,1,1,3,2,0,0,1,6,9,8,3,0
950,950,9,2,1,4,9,0,0,1,10,1,2,5,9,3,8,9,0
951,951,0,0,0,4,7,1,0,2,4,0,0,2,9,8,5,6,0
952,952,4,0,0,4,9,0,1,0,2,1,0,5,10,8,2,3,0
953,953,7,1,0,4,9,1,2,3,2,0,0,4,2,8,10,8,0
954,954,9,2,1,4,1,0,0,1,5,1,2,8,1,3,5,8,0
955,955,2,0,0,4,10,1,1,2,7,0,0,4,5,4,9,2,0
956,956,10,2,1,4,9,0,0,0,9,1,2,5,9,3,6,8,0
957,957,8,1,0,4,6,1,0,3,5,0,1,8,4,9,9,8,0
958,958,10,2,1,4,1,0,0,1,8,1,2,7,1,7,10,8,0
959,959,9,2,0,4,7,0,0,2,8,0,2,10,4,5,3,7,0
960,960,8,1,1,4,7,0,0,0,6,1,1,2,2,3,3,8,0
961,961,10,2,0,4,6,0,0,3,7,0,2,3,9,5,6,8,0
962,962,9,2,0,4,5,0,2,1,3,1,0,5,1,2,7,6,0
963,963,6,0,0,4,8,1,0,2,1,0,0,1,3,7,5,6,0
964,964,3,0,0,4,3,0,1,0,2,1,0,9,6,5,6,1,0
965,965,7,1,0,4,9,1,2,3,1,0,0,7,4,9,10,2,0
966,966,3,0,0,4,7,0,0,1,1,1,0,5,8,3,6,6,0
967,967,6,0,0,4,7,1,1,2,5,0,0,4,10,10,2,4,0
968,968,7,1,0,4,8,0,2,0,2,1,0,8,6,3,10,8,0
969,969,6,0,0,4,8,1,0,3,2,0,0,9,3,10,7,2,0
970,970,2,0,0,4,7,0,1,1,3,1,0,7,9,1,7,6,0
971,971,9,2,0,4,5,0,0,2,8,0,2,8,10,6,1,7,0
972,972,9,2,1,4,1,0,0,0,8,1,2,1,2,3,6,9,0
973,973,5,0,0,4,3,1,1,3,7,0,0,2,9,9,8,5,0
974,974,9,2,0,4,2,0,2,1,3,1,0,8,6,6,7,4,0
975,975,5,0,0,4,7,1,0,2,5,0,0,1,1,2,5,5,0
976,976,5,0,0,4,9,0,1,0,7,1,0,2,2,3,5,4,0
977,977,7,1,0,4,6,1,2,3,2,0,0,8,1,9,3,3,0
978,978,10,2,1,4,6,0,0,1,10,1,2,2,10,5,8,8,0
979,979,0,0,0,4,1,1,1,2,7,0,0,4,2,9,4,2,0
980,980,7,1,0,4,7,0,2,0,7,1,0,6,6,7,1,7,0
981,981,5,0,0,4,5,1,0,3,7,0,0,7,9,9,9,5,0
982,982,4,0,0,4,2,0,1,1,7,1,0,5,2,8,8,6,0
983,983,9,2,0,4,7,0,0,2,5,0,2,7,8,9,10,9,0
984,984,10,2,1,4,2,0,0,0,10,1,2,2,9,5,3,8,0
985,985,10,2,0,4,5,0,0,3,6,0,2,8,7,9,7,10,0
986,986,9,2,0,4,10,0,2,1,1,1,0,8,6,1,9,1,0
987,987,7,1,0,4,5,1,0,2,6,0,1,2,7,2,7,9,0
988,988,5,0,0,4,2,0,1,0,3,1,0,7,5,10,9,6,0
989,989,7,1,0,4,5,1,2,3,2,0,0,6,4,1,7,9,0
990,990,0,0,0,4,6,0,0,1,4,1,0,2,2,8,9,1,0
991,991,8,1,0,4,3,1,1,2,3,0,2,1,4,4,6,6,0
992,992,7,1,1,4,1,0,2,0,4,1,0,7,10,1,7,4,0
993,993,10,2,0,4,7,0,0,3,10,0,2,7,6,1,6,8,0
994,994,2,0,0,4,10,0,1,1,4,1,0,6,1,7,10,5,0
995,995,7,1,0,4,1,1,2,2,2,0,0,7,1,5,9,9,0
996,996,9,2,1,4,6,0,0,0,6,1,2,4,6,8,2,9,0
997,997,10,2,0,4,5,0,0,3,7,0,2,6,3,6,9,7,0
998,998,9,2,0,4,1,0,2,1,7,1,0,6,8,4,10,3,0
999,999,9,2,0,4,7,0,0,2,5,0,2,8,10,9,5,10,0
1000,1000,1,0,0,4,8,0,1,0,7,1,0,3,8,3,2,6,0
1001,1001,7,1,0,4,8,1,2,3,3,0,0,7,9,1,10,4,0
1002,1002,6,0,0,4,8,0,0,1,2,1,0,8,3,1,6,4,0
1003,1003,3,0,0,4,10,1,1,2,1,0,0,5,7,6,2,1,0
1004,1004,7,1,0,4,1,0,2,0,4,1,0,4,1,7,8,6,0
1005,1005,3,0,0,4,8,1,0,3,5,0,0,1,5,2,9,2,0
1006,1006,4,0,0,4,9,0,1,1,5,1,0,10,9,10,9,4,0
1007,1007,7,1,0,4,9,1,2,2,1,0,0,8,1,9,10,6,0
1008,1008,1,0,0,4,8,0,0,0,5,1,0,2,4,3,1,3,0
1009,1009,5,0,0,4,4,1,1,3,6,0,0,1,9,7,7,3,0
1010,1010,7,1,0,4,5,0,2,1,3,1,0,5,10,7,8,5,0
1011,1011,10,2,0,4,6,0,0,2,5,0,2,2,4,10,2,8,0
1012,1012,3,0,0,4,6,0,1,0,3,1,0,8,9,8,1,6,0
1013,1013,9,2,0,4,5,0,0,3,10,0,2,1,2,9,6,8,0
1014,1014,10,2,1,4,9,0,0,1,6,1,2,9,9,9,8,7,0
1015,1015,2,0,0,4,3,1,1,2,1,0,0,3,7,1,2,5,0
1016,1016,7,1,0,4,9,0,2,0,7,1,0,8,5,2,3,5,0
1017,1017,7,1,0,4,7,1,0,3,6,0,1,10,2,3,2,8,0
1018,1018,10,2,1,4,6,0,0,1,10,1,2,3,5,4,10,8,0
1019,1019,7,1,0,4,10,1,2,2,7,0,0,6,2,7,5,5,0
1020,1020,2,0,0,4,6,0,0,0,3,1,0,3,10,1,1,2,0
1021,1021,4,0,0,4,5,1,1,3,5,0,0,8,5,2,10,6,0
1022,1022,7,1,1,4,7,0,2,1,7,1,0,7,7,5,8,6,0
1023,1023,2,0,0,4,10,1,0,2,6,0,0,3,6,3,1,1,0
1024,1024,1,0,0,4,4,0,1,0,3,1,0,7,6,2,2,2,0
1025,1025,7,1,0,4,5,1,2,3,4,0,0,8,1,3,8,6,0
1026,1026,8,1,1,4,9,0,0,1,5,1,1,7,10,9,4,4,0
1027,1027,5,0,0,4,4,1,1,2,3,0,0,10,2,7,10,6,0
1028,1028,7,1,0,4,1,0,2,0,7,1,0,7,8,5,7,10,0
1029,1029,4,0,0,4,5,1,0,3,1,0,0,6,3,8,8,6,0
1030,1030,1,0,0,4,3,0,1,1,5,1,0,1,4,8,3,4,0
1031,1031,7,1,0,4,9,1,2,2,2,0,0,7,7,9,10,7,0
1032,1032,5,0,0,4,9,0,0,0,1,1,0,5,2,9,10,4,0
1033,1033,7,1,0,4,3,1,1,3,6,0,2,9,7,8,5,3,0
1034,1034,7,1,1,4,8,0,2,1,5,1,0,6,10,6,4,2,0
1035,1035,1,0,0,4,9,1,0,2,4,0,0,5,9,6,10,3,0
1036,1036,3,0,0,4,2,0,1,0,4,1,0,1,1,5,6,2,0
1037,1037,9,2,0,4,6,0,0,3,8,0,2,7,5,5,4,10,0
1038,1038,2,0,0,4,8,0,0,1,6,1,0,8,4,2,6,1,0
1039,1039,4,0,0,4,2,1,1,2,5,0,0,7,9,1,4,4,0
1040,1040,8,1,1,4,8,0,2,0,3,1,0,4,8,8,4,9,0
1041,1041,6,0,0,4,4,1,0,3,4,0,0,5,8,7,8,2,0
1042,1042,0,0,0,4,5,0,1,1,1,1,0,6,10,10,5,2,0
1043,1043,10,2,0,4,7,0,0,2,9,0,2,7,7,1,5,9,0
1044,1044,8,1,1,4,2,0,0,0,3,1,1,9,4,1,2,4,0
1045,1045,9,2,0,4,5,0,0,3,8,0,2,3,8,6,2,10,0
1046,1046,7,1,0,4,7,0,2,1,6,1,0,4,2,8,4,3,0
1047,1047,3,0,0,4,8,1,0,2,7,0,0,3,9,6,7,3,0
1048,1048,4,0,0,4,3,0,1,0,1,1,0,4,6,7,6,3,0
1049,1049,7,1,0,4,7,1,2,3,7,0,0,8,10,10,10,10,0
1050,1050,4,0,0,4,9,0,0,1,5,1,0,5,4,10,8,4,0
1051,1051,1,0,0,4,8,1,1,2,5,0,0,3,7,1,10,6,0
1052,1052,7,1,0,4,1,0,2,0,6,1,0,5,5,10,2,6,0
1053,1053,6,0,0,4,7,1,0,3,6,0,0,1,5,7,1,1,0
1054,1054,1,0,0,4,4,0,1,1,4,1,0,5,4,4,4,1,0
1055,1055,7,1,0,4,5,1,2,2,6,0,0,7,1,4,3,5,0
1056,1056,8,1,1,4,1,0,0,0,3,1,1,1,3,8,4,10,0
1057,1057,9,2,0,4,6,0,0,3,5,0,2,8,9,9,4,10,0
1058,1058,7,1,0,4,9,0,2,1,5,1,0,7,7,3,10,7,0
1059,1059,0,0,0,4,2,1,0,2,4,0,0,6,3,3,1,4,0
1060,1060,6,0,0,4,8,0,1,0,2,1,0,1,10,6,8,3,0
1061,1061,7,1,0,4,4,1,2,3,4,0,0,4,9,5,4,7,0
1062,1062,8,1,1,4,10,0,0,1,1,1,1,9,10,5,7,9,0
1063,1063,3,0,0,4,6,1,1,2,4,0,0,8,8,6,8,2,0
1064,1064,9,2,1,4,10,0,0,0,7,1,2,5,5,5,1,10,0
1065,1065,4,0,0,4,6,1,0,3,1,0,0,3,7,5,5,4,0
1066,1066,6,0,0,4,8,0,1,1,1,1,0,6,6,3,4,6,0
1067,1067,10,2,0,4,6,0,0,2,5,0,2,9,5,7,4,9,0
1068,1068,8,1,1,4,8,0,0,0,7,1,1,2,9,7,1,10,0
1069,1069,0,0,0,4,10,1,1,3,4,0,0,5,2,10,9,4,0
1070,1070,10,2,1,4,3,0,0,1,7,1,2,1,4,10,10,7,0
1071,1071,5,0,0,4,8,1,0,2,5,0,0,9,3,3,10,5,0
1072,1072,10,2,1,4,9,0,0,0,7,1,2,3,3,3,9,8,0
1073,1073,7,1,0,4,3,1,2,3,5,0,0,6,5,8,4,4,0
1074,1074,6,0,0,4,2,0,0,1,6,1,0,4,2,10,10,4,0
1075,1075,4,0,0,4,8,1,1,2,1,0,0,1,9,2,3,2,0
1076,1076,7,1,0,4,1,0,2,0,5,1,0,5,9,1,8,8,0
1077,1077,1,0,0,4,10,1,0,3,6,0,0,9,8,8,10,4,0
1078,1078,3,0,0,4,7,0,1,1,2,1,0,4,1,7,7,2,0
1079,1079,10,2,0,4,5,0,0,2,6,0,2,1,1,1,7,7,0
1080,1080,6,0,0,4,6,0,0,0,6,1,0,6,4,5,7,6,0
1081,1081,9,2,0,4,5,0,0,3,9,0,2,7,10,6,5,10,0
1082,1082,10,2,1,4,7,0,0,1,7,1,2,9,7,3,9,8,0
1083,1083,1,0,0,4,6,1,0,2,6,0,0,5,5,1,7,5,0
1084,1084,0,0,0,4,2,0,1,0,5,1,0,7,2,1,10,6,0
1085,1085,7,1,0,4,4,1,2,3,2,0,0,7,9,10,6,8,0
1086,1086,9,2,1,4,9,0,0,1,9,1,2,9,9,4,3,8,0
1087,1087,5,0,0,4,10,1,1,2,5,0,0,2,9,1,8,4,0
1088,1088,7,1,0,4,4,0,2,0,3,1,0,4,6,5,6,1,0
1089,1089,4,0,0,4,8,1,0,3,7,0,0,8,1,2,5,2,0
1090,1090,9,2,1,4,9,0,0,1,7,1,2,8,3,2,7,8,0
1091,1091,7,1,0,4,8,1,2,2,3,0,0,5,10,6,10,8,0
1092,1092,0,0,0,4,3,0,0,0,4,1,0,8,1,6,5,4,0
1093,1093,3,0,0,4,10,1,1,3,6,0,0,1,7,5,9,1,0
1094,1094,7,1,0,4,5,0,2,1,6,1,0,4,3,2,6,9,0
1095,1095,10,2,0,4,7,0,1,2,5,0,2,6,5,8,2,7,0
1096,1096,4,0,0,4,10,0,1,0,7,1,0,8,2,1,6,3,0
1097,1097,7,1,0,4,5,1,2,3,7,0,0,8,6,2,10,9,0
1098,1098,6,0,0,4,9,0,0,1,7,1,0,7,2,4,4,4,0
1099,1099,9,2,0,4,7,0,0,2,10,0,2,8,3,8,8,9,0
1100,1100,7,1,0,4,1,0,2,0,2,1,0,7,5,2,2,5,0
1101,1101,8,1,0,4,9,1,0,3,6,0,1,1,5,3,4,7,0
1102,1102,8,1,1,4,5,0,1,1,3,1,2,6,8,6,6,9,0
1103,1103,7,1,0,4,7,1,2,2,6,0,0,8,10,4,6,10,0
1104,1104,1,0,0,4,6,0,0,0,4,1,0,2,2,4,1,3,0
1105,1105,9,2,0,4,5,0,0,3,10,0,2,8,4,7,8,7,0
1106,1106,9,2,1,4,7,0,0,1,10,1,2,1,10,10,5,9,0
1107,1107,8,1,0,4,2,1,0,2,1,0,1,1,9,1,2,9,0
1108,1108,6,0,0,4,6,0,1,0,3,1,0,2,4,2,3,4,0
1109,1109,7,1,0,4,6,1,2,3,5,0,0,7,5,8,1,8,0
1110,1110,4,0,0,4,10,0,0,1,1,1,0,10,6,7,6,2,0
1111,1111,10,2,0,4,7,0,0,2,10,0,2,10,6,3,9,10,0
1112,1112,7,1,0,4,9,0,2,0,2,1,0,8,3,2,1,9,0
1113,1113,9,2,0,4,7,0,0,3,7,0,2,5,3,10,8,9,0
1114,1114,2,0,0,4,8,0,1,1,1,1,0,2,8,5,6,6,0
1115,1115,8,1,0,4,8,1,2,2,1,0,0,6,6,1,7,7,0
1116,1116,6,0,0,4,7,0,0,0,1,1,0,8,9,6,10,5,0
1117,1117,1,0,0,4,4,1,1,3,3,0,0,4,8,8,3,3,0
1118,1118,7,1,0,4,6,0,2,1,3,1,0,4,6,2,3,1,0
1119,1119,4,0,0,4,5,1,0,2,2,0,0,5,7,4,3,2,0
1120,1120,0,0,0,4,7,0,1,0,2,1,0,8,1,7,6,5,0
1121,1121,7,1,0,4,4,1,2,3,1,0,0,6,9,1,5,4,0
1122,1122,8,1,1,4,10,0,0,1,4,1,1,2,5,4,5,3,0
1123,1123,10,2,0,4,5,0,0,2,10,0,2,5,8,5,5,8,0
1124,1124,7,1,0,4,2,0,2,0,7,1,0,8,10,3,8,2,0
1125,1125,6,0,0,4,9,1,0,3,6,0,0,7,1,9,9,6,0
1126,1126,8,1,1,4,3,0,1,1,4,1,2,7,2,10,3,7,0
1127,1127,7,1,0,4,5,1,2,2,4,0,0,8,7,10,7,2,0
1128,1128,7,1,1,4,8,0,0,0,4,1,1,8,4,6,7,8,0
1129,1129,5,0,0,4,8,1,1,3,1,0,0,7,6,5,7,4,0
1130,1130,7,1,0,4,8,0,2,1,6,1,0,4,9,7,7,3,0
1131,1131,4,0,0,4,8,1,0,2,3,0,0,10,9,9,3,3,0
1132,1132,1,0,0,4,3,0,1,0,3,1,0,3,9,2,10,1,0
1133,1133,9,2,0,4,7,0,0,3,5,0,2,6,5,8,10,10,0
1134,1134,3,0,0,4,4,0,0,1,2,1,0,3,4,5,8,4,0
1135,1135,5,0,0,4,5,1,1,2,7,0,0,5,6,8,8,3,0
1136,1136,7,1,0,4,7,0,2,0,1,1,0,8,8,7,4,4,0
1137,1137,1,0,0,4,9,1,0,3,4,0,0,5,4,1,10,4,2
1138,1138,9,2,1,4,6,0,0,1,9,1,2,1,4,6,6,9,2
1139,1139,9,2,0,4,6,0,0,2,9,0,2,5,2,2,1,7,2
1140,1140,3,0,0,4,3,0,0,0,5,1,0,3,6,6,1,1,2
1141,1141,0,0,0,4,4,1,1,3,7,0,0,3,9,5,9,1,2
1142,1142,8,1,1,4,8,0,2,1,4,1,0,4,4,10,2,8,2
1143,1143,4,0,0,4,3,1,0,2,6,0,0,8,9,9,6,4,2
1144,1144,5,0,0,4,6,0,1,0,1,1,0,5,3,9,7,6,2
1145,1145,7,1,0,4,9,1,2,3,2,0,0,7,10,4,1,1,2
1146,1146,1,0,0,4,1,0,0,1,2,1,0,1,1,6,10,6,2
1147,1147,5,0,0,4,9,1,1,2,3,0,0,10,3,8,5,4,2
1148,1148,7,1,0,4,7,0,2,0,3,1,0,8,2,2,1,8,2
1149,1149,1,0,0,4,6,1,0,3,6,0,0,8,3,10,3,2,2
1150,1150,5,0,0,4,2,0,1,1,6,1,0,2,1,2,1,2,2
1151,1151,10,2,0,4,6,0,0,2,9,0,2,3,7,3,2,9,2
1152,1152,10,2,1,4,9,0,0,0,6,1,2,6,8,1,5,10,2
1153,1153,1,0,0,4,1,1,1,3,7,0,0,9,8,5,10,6,2
1154,1154,7,1,0,4,4,0,2,1,6,1,0,6,1,9,5,7,2
1155,1155,1,0,0,4,5,1,0,2,1,0,0,7,10,3,1,3,2
1156,1156,4,0,0,4,7,0,1,0,5,1,0,4,5,4,4,5,2
1157,1157,10,2,0,4,5,0,0,3,5,0,2,9,3,1,8,8,2
1158,1158,3,0,0,4,1,0,0,1,1,1,0,10,7,5,10,4,2
1159,1159,5,0,0,4,2,1,1,2,6,0,0,5,4,10,1,4,2
1160,1160,7,1,0,4,3,0,2,0,3,1,0,7,8,5,6,9,2
1161,1161,2,0,0,4,8,1,0,3,1,0,0,10,5,9,2,6,2
1162,1162,6,0,0,4,5,0,1,1,1,1,0,8,1,9,7,1,2
1163,1163,7,1,0,4,9,1,2,2,4,0,0,7,2,5,5,2,2
1164,1164,8,1,1,4,8,0,0,0,5,1,1,6,1,10,9,8,2
1165,1165,7,1,0,4,1,1,1,3,4,0,2,8,3,10,1,4,2
1166,1166,7,1,0,4,1,0,2,1,3,1,0,7,3,10,2,4,2
1167,1167,9,2,0,4,6,0,0,2,10,0,2,7,8,5,7,9,2
1168,1168,9,2,1,4,3,0,0,0,5,1,2,8,9,5,10,10,2
1169,1169,7,1,0,4,7,1,2,3,2,0,0,4,3,10,2,4,2
1170,1170,5,0,0,4,7,0,0,1,2,1,0,1,7,7,6,2,2
1171,1171,5,0,0,4,9,1,1,2,6,0,0,9,6,2,8,5,2
1172,1172,7,1,0,4,2,0,2,0,1,1,0,4,10,7,2,5,2
1173,1173,3,0,0,4,9,1,0,3,7,0,0,8,2,10,6,6,2
1174,1174,7,1,1,4,7,0,1,1,3,1,2,3,10,7,5,7,2
1175,1175,7,1,0,4,3,1,2,2,5,0,0,7,3,3,3,10,2
1176,1176,9,2,1,4,4,0,0,0,10,1,2,6,2,2,3,9,2
1177,1177,4,0,0,4,5,1,1,3,5,0,0,9,2,1,9,2,2
1178,1178,7,1,0,4,8,0,2,1,5,1,0,6,7,1,5,1,2
1179,1179,0,0,0,4,5,1,0,2,1,0,0,9,10,8,3,2,2
1180,1180,4,0,0,4,1,0,1,0,6,1,0,7,4,3,10,4,2
1181,1181,7,1,0,4,6,1,2,3,5,0,0,7,10,6,2,3,2
1182,1182,1,0,0,4,2,0,0,1,1,1,0,6,5,5,8,5,2
1183,1183,7,1,0,4,8,1,1,2,7,0,2,6,7,2,1,7,2
1184,1184,9,2,1,4,1,0,0,0,9,1,2,9,7,1,3,8,2
1185,1185,5,0,0,4,4,1,0,3,6,0,0,2,5,1,10,2,2
1186,1186,2,0,0,4,8,0,1,1,3,1,0,1,10,2,6,1,2
1187,1187,7,1,0,4,9,1,2,2,5,0,0,5,9,4,6,3,2
1188,1188,2,0,0,4,3,0,0,0,4,1,0,9,5,4,6,6,2
1189,1189,7,1,0,4,6,1,1,3,7,0,2,5,2,3,2,4,2
1190,1190,7,1,0,4,3,0,2,1,6,1,0,8,4,2,5,6,2
1191,1191,5,0,0,4,6,1,0,2,7,0,0,2,5,9,1,1,2
1192,1192,6,0,0,4,1,0,1,0,4,1,0,3,4,9,6,6,2
1193,1193,9,2,0,4,7,0,0,3,5,0,2,8,4,3,6,7,2
1194,1194,5,0,0,4,2,0,0,1,5,1,0,1,10,9,5,6,2
1195,1195,10,2,0,4,6,0,0,2,8,0,2,3,2,3,3,7,2
1196,1196,7,1,0,4,9,0,2,0,5,1,0,4,5,4,1,2,2
1197,1197,9,2,0,4,6,0,0,3,10,0,2,3,3,9,9,9,2
1198,1198,6,0,0,4,7,0,1,1,6,1,0,8,6,10,10,2,2
1199,1199,7,1,0,4,4,1,2,2,1,0,0,7,7,6,10,8,2
1200,1200,7,1,1,4,10,0,0,0,3,1,1,4,2,2,1,8,2
1201,1201,7,1,0,4,10,1,1,3,3,0,2,4,2,6,7,6,2
1202,1202,7,1,0,4,4,0,2,1,2,1,0,6,10,10,6,9,2
1203,1203,3,0,0,4,6,1,0,2,6,0,0,1,10,10,10,2,2
1204,1204,4,0,0,4,7,0,1,0,4,1,0,4,1,9,4,2,2
1205,1205,7,1,0,4,5,1,2,3,2,0,0,4,1,8,4,5,2
1206,1206,0,0,0,4,8,0,0,1,5,1,0,7,6,9,4,5,2
1207,1207,4,0,0,4,8,1,1,2,7,0,0,6,3,8,4,1,2
1208,1208,7,1,0,4,10,0,2,0,2,1,0,7,3,7,1,9,2
1209,1209,10,2,0,4,7,0,0,3,6,0,2,2,10,6,10,10,2
1210,1210,4,0,0,4,2,0,1,1,6,1,0,7,6,1,2,3,2
1211,1211,7,1,0,4,1,1,2,2,7,0,0,5,2,8,8,6,2
1212,1212,0,0,0,4,5,0,0,0,7,1,0,5,8,8,9,5,2
1213,1213,2,0,0,4,7,1,1,3,6,0,0,2,8,4,6,2,2
1214,1214,7,1,0,4,1,0,2,1,3,1,0,4,5,4,5,3,2
1215,1215,1,0,0,4,10,1,0,2,3,0,0,7,1,9,9,5,2
1216,1216,3,0,0,4,10,0,1,0,2,1,0,7,8,4,7,2,2
1217,1217,7,1,0,4,10,1,2,3,3,0,0,7,4,9,2,10,2
1218,1218,8,1,1,4,4,0,0,1,4,1,1,9,8,6,1,1,2
1219,1219,5,0,0,4,1,1,1,2,4,0,0,3,10,7,1,2,2
1220,1220,10,2,1,4,2,0,0,0,8,1,2,10,1,8,6,9,2
1221,1221,8,1,0,4,8,1,0,3,3,0,1,7,1,5,4,4,2
1222,1222,4,0,0,4,9,0,1,1,1,1,0,2,6,7,6,5,2
1223,1223,7,1,0,4,10,1,2,2,2,0,0,4,5,2,6,5,2
1224,1224,4,0,0,4,10,0,0,0,5,1,0,3,5,2,6,5,2
1225,1225,0,0,0,4,9,1,1,3,5,0,0,10,7,1,6,5,2
1226,1226,7,1,0,4,6,0,2,1,6,1,0,6,1,2,9,10,2
1227,1227,6,0,0,4,2,1,0,2,6,0,0,9,1,8,1,5,2
1228,1228,0,0,0,4,8,0,1,0,2,1,0,4,1,7,3,6,2
1229,1229,8,1,0,4,8,1,2,3,3,0,0,6,5,1,7,10,2
1230,1230,7,1,1,4,2,0,0,1,5,1,1,10,3,5,8,6,2
1231,1231,5,0,0,4,2,1,1,2,6,0,0,6,6,4,7,3,2
1232,1232,8,1,1,4,1,0,2,0,3,1,0,6,7,8,3,2,2
1233,1233,2,0,0,4,2,1,0,3,4,0,0,10,3,7,7,6,2
1234,1234,2,0,0,4,2,0,1,1,6,1,0,1,8,7,5,4,2
1235,1235,7,1,0,4,2,1,2,2,6,0,0,8,2,4,4,3,2
1236,1236,9,2,1,4,4,0,0,0,10,1,2,10,4,5,4,9,2
1237,1237,6,0,0,4,9,1,1,3,1,0,0,5,7,10,9,2,2
1238,1238,8,1,1,4,7,0,2,1,1,1,0,6,2,4,6,9,2
1239,1239,10,2,0,4,6,0,0,2,7,0,2,6,10,10,5,9,2
1240,1240,6,0,0,4,10,0,1,0,1,1,0,10,1,5,6,1,2
1241,1241,8,1,0,4,5,1,2,3,7,0,0,5,5,6,3,8,2
1242,1242,6,0,0,4,6,0,0,1,4,1,0,10,2,5,2,6,2
1243,1243,9,2,0,4,7,0,0,2,6,0,2,2,4,9,3,8,2
1244,1244,7,1,0,4,7,0,2,0,6,1,0,6,2,10,7,4,2
1245,1245,9,2,0,4,7,0,0,3,7,0,2,10,7,8,8,7,2
1246,1246,8,1,1,4,9,0,1,1,6,1,2,8,3,5,5,1,2
1247,1247,10,2,0,4,7,0,0,2,8,0,2,7,2,3,8,10,2
1248,1248,1,0,0,4,6,0,0,0,4,1,0,8,3,10,5,5,2
1249,1249,5,0,0,4,5,1,1,3,4,0,0,5,3,7,5,1,2
1250,1250,7,1,0,4,1,0,2,1,6,1,0,7,7,2,2,6,2
1251,1251,8,1,0,4,4,1,0,2,6,0,1,9,7,2,7,1,2
1252,1252,0,0,0,4,6,0,1,0,1,1,0,3,9,4,6,2,2
1253,1253,7,1,0,4,6,1,2,3,1,0,0,8,5,1,7,10,2
1254,1254,6,0,0,4,8,0,0,1,3,1,0,10,8,5,8,2,2
1255,1255,5,0,0,4,4,1,1,2,1,0,0,10,4,1,4,1,2
1256,1256,10,2,1,4,7,0,0,0,8,1,2,10,8,8,1,8,2
1257,1257,10,2,0,4,6,0,0,3,10,0,2,9,7,4,4,9,2
1258,1258,6,0,0,4,6,0,1,1,4,1,0,5,5,5,2,3,2
1259,1259,7,1,0,4,5,1,2,2,2,0,0,8,10,2,9,2,2
1260,1260,5,0,0,4,5,0,0,0,5,1,0,4,3,2,3,5,2
1261,1261,8,1,0,4,4,1,1,3,6,0,2,9,8,4,3,9,2
1262,1262,7,1,0,4,2,0,2,1,6,1,0,5,9,7,2,10,2
1263,1263,9,2,0,4,6,0,0,2,7,0,2,8,1,2,4,10,2
1264,1264,9,2,1,4,3,0,0,0,9,1,2,10,1,3,1,7,2
1265,1265,7,1,0,4,5,1,2,3,3,0,0,7,10,7,8,2,2
1266,1266,5,0,0,4,9,0,0,1,3,1,0,9,7,2,8,4,2
1267,1267,1,0,0,4,5,1,1,2,4,0,0,3,1,3,7,2,2
1268,1268,7,1,1,4,4,0,2,0,5,1,0,4,1,8,8,10,2
1269,1269,7,1,0,4,8,1,0,3,2,0,1,3,3,4,8,4,2
1270,1270,1,0,0,4,1,0,1,1,2,1,0,3,4,7,3,1,2
1271,1271,7,1,0,4,1,1,2,2,4,0,0,7,9,2,7,6,2
1272,1272,5,0,0,4,4,0,0,0,4,1,0,4,4,7,8,1,2
1273,1273,6,0,0,4,4,1,1,3,6,0,0,8,1,3,6,1,2
1274,1274,7,1,0,4,3,0,2,1,7,1,0,6,10,8,8,1,2
1275,1275,1,0,0,4,1,1,0,2,3,0,0,8,1,4,2,5,2
1276,1276,2,0,0,4,7,0,1,0,2,1,0,8,3,5,3,5,2
1277,1277,7,1,0,4,5,1,2,3,7,0,0,7,6,3,5,3,2
1278,1278,3,0,0,4,8,0,0,1,2,1,0,1,4,2,1,1,2
1279,1279,3,0,0,4,8,1,1,2,1,0,0,4,3,5,8,2,2
1280,1280,9,2,1,4,2,0,0,0,9,1,2,10,4,7,4,8,2
1281,1281,2,0,0,4,1,1,0,3,3,0,0,9,8,8,3,4,2
1282,1282,6,0,0,4,3,0,1,1,3,1,0,9,8,5,4,6,2
1283,1283,7,1,0,4,9,1,2,2,5,0,0,4,10,2,1,8,2
1284,1284,3,0,0,4,10,0,0,0,4,1,0,8,5,9,5,6,2
1285,1285,9,2,0,4,5,0,0,3,10,0,2,1,10,3,8,9,2
1286,1286,7,1,1,4,5,0,2,1,2,1,0,5,9,2,3,5,2
1287,1287,3,0,0,4,5,1,0,2,3,0,0,5,10,9,3,4,2
1288,1288,7,1,1,4,7,0,1,0,3,1,2,5,3,4,8,3,2
1289,1289,10,2,0,4,5,0,0,3,10,0,2,6,4,8,7,8,2
1290,1290,7,1,1,4,7,0,0,1,6,1,1,9,1,2,5,10,2
1291,1291,9,2,0,4,6,0,0,2,5,0,2,7,2,10,2,10,2
1292,1292,7,1,0,4,1,0,2,0,7,1,0,4,6,2,8,4,2
1293,1293,2,0,0,4,10,1,0,3,6,0,0,1,8,10,1,1,2
1294,1294,4,0,0,4,4,0,1,1,2,1,0,9,1,2,6,4,2
1295,1295,8,1,0,4,8,1,2,2,5,0,0,4,2,6,7,10,2
1296,1296,8,1,1,4,1,0,0,0,3,1,1,7,8,3,3,9,2
1297,1297,3,0,0,4,9,1,1,3,3,0,0,1,6,8,9,6,2
1298,1298,10,2,1,4,10,0,0,1,7,1,2,6,6,7,9,10,2
1299,1299,8,1,0,4,5,1,0,2,6,0,1,2,9,3,9,4,2
1300,1300,4,0,0,4,9,0,1,0,5,1,0,3,5,4,8,6,2
1301,1301,7,1,0,4,6,1,2,3,1,0,0,4,7,2,6,8,2
1302,1302,1,0,0,4,9,0,0,1,7,1,0,4,1,7,7,3,2
1303,1303,7,1,0,4,5,1,1,2,5,0,2,5,10,7,6,10,2
1304,1304,7,1,0,4,10,0,2,0,1,1,0,6,4,8,8,7,2
1305,1305,6,0,0,4,8,1,0,3,3,0,0,2,6,8,7,2,2
1306,1306,1,0,0,4,5,0,1,1,3,1,0,5,3,6,5,5,2
1307,1307,10,2,0,4,7,0,0,2,6,0,2,7,9,10,3,10,2
1308,1308,4,0,0,4,3,0,0,0,5,1,0,3,5,6,9,3,2
1309,1309,4,0,0,4,7,1,1,3,7,0,0,5,8,9,5,1,2
1310,1310,7,1,0,4,5,0,2,1,3,1,0,4,2,7,1,3,2
1311,1311,8,1,0,4,1,1,0,2,7,0,1,8,10,4,6,4,2
1312,1312,10,2,1,4,1,0,0,0,10,1,2,7,2,6,2,9,2
1313,1313,7,1,0,4,4,1,2,3,4,0,0,4,2,10,8,5,2
1314,1314,7,1,1,4,1,0,0,1,1,1,1,4,4,6,9,1,2
1315,1315,0,0,0,4,1,1,1,2,7,0,0,8,10,3,1,3,2
1316,1316,7,1,0,4,4,0,2,0,2,1,0,8,7,6,10,5,2
1317,1317,2,0,0,4,10,1,0,3,6,0,0,8,4,9,2,1,2
1318,1318,4,0,0,4,7,0,1,1,5,1,0,6,4,10,10,3,2
1319,1319,7,1,0,4,8,1,2,2,2,0,0,5,3,5,1,8,2
1320,1320,1,0,0,4,1,0,0,0,3,1,0,9,4,10,4,2,2
1321,1321,7,1,0,4,6,1,1,3,1,0,2,1,10,2,8,2,2
1322,1322,7,1,0,4,6,0,2,1,6,1,0,8,3,9,5,9,2
1323,1323,5,0,0,4,4,1,0,2,2,0,0,10,9,1,6,3,2
1324,1324,9,2,1,4,7,0,0,0,9,1,2,6,10,9,9,10,2
1325,1325,7,1,0,4,6,1,2,3,2,0,0,7,1,6,7,8,2
1326,1326,5,0,0,4,5,0,0,1,6,1,0,4,6,8,8,1,2
1327,1327,8,1,0,4,4,1,1,2,1,0,2,5,8,4,7,1,2
1328,1328,7,1,0,4,5,0,2,0,2,1,0,7,2,10,8,4,2
1329,1329,0,0,0,4,10,1,0,3,6,0,0,1,8,9,3,4,2
1330,1330,9,2,1,4,4,0,0,1,10,1,2,6,9,6,3,9,2
1331,1331,7,1,0,4,2,1,2,2,7,0,0,6,9,3,8,9,2
1332,1332,7,1,1,4,2,0,0,0,2,1,1,9,9,8,3,2,2
1333,1333,6,0,0,4,7,1,1,3,4,0,0,7,2,1,5,4,2
1334,1334,7,1,0,4,4,0,2,1,2,1,0,6,3,5,6,3,2
1335,1335,2,0,0,4,6,1,0,2,1,0,0,1,8,2,8,6,2
1336,1336,6,0,0,4,10,0,1,0,4,1,0,8,5,3,7,6,2
1337,1337,7,1,0,4,3,1,2,3,3,0,0,6,6,5,2,8,2
1338,1338,2,0,0,4,9,0,0,1,7,1,0,3,1,3,7,5,2
1339,1339,5,0,0,4,8,1,1,2,6,0,0,10,1,4,7,5,2
1340,1340,10,2,1,4,10,0,0,0,9,1,2,2,7,1,1,7,2
1341,1341,9,2,0,4,6,0,0,3,8,0,2,8,9,7,6,9,2
1342,1342,8,1,1,4,10,0,1,1,6,1,2,3,9,3,6,4,2
1343,1343,7,1,0,4,10,1,2,2,3,0,0,7,2,7,2,9,2
1344,1344,8,1,1,4,6,0,0,0,6,1,1,2,1,4,7,6,2
1345,1345,10,2,0,4,6,0,0,3,8,0,2,10,6,5,1,10,2
1346,1346,7,1,0,4,6,0,2,1,2,1,0,4,10,5,6,3,2
1347,1347,9,2,0,4,5,0,0,2,5,0,2,8,5,3,6,10,2
1348,1348,2,0,0,4,5,0,1,0,7,1,0,5,3,8,6,5,2
1349,1349,7,1,0,4,6,1,2,3,3,0,0,6,3,7,9,1,2
1350,1350,3,0,0,4,2,0,0,1,1,1,0,10,9,1,10,5,2
1351,1351,7,1,0,4,8,1,1,2,1,0,2,3,2,2,4,2,2
1352,1352,10,2,1,4,10,0,0,0,5,1,2,6,2,3,6,8,2
1353,1353,1,0,0,4,2,1,0,3,2,0,0,9,6,8,8,6,2
1354,1354,9,2,1,4,7,0,0,1,8,1,2,2,10,3,3,10,2
1355,1355,10,2,0,4,7,0,0,2,10,0,2,1,1,3,5,7,2
1356,1356,4,0,0,4,2,0,0,0,7,1,0,7,5,7,6,4,2
1357,1357,7,1,0,4,5,1,1,3,2,0,2,7,2,3,8,5,2
1358,1358,7,1,0,4,5,0,2,1,6,1,0,4,10,2,4,4,2
1359,1359,4,0,0,4,2,1,0,2,5,0,0,2,4,1,5,5,2
1360,1360,1,0,0,4,9,0,1,0,4,1,0,8,8,4,10,6,2
1361,1361,7,1,0,4,10,1,2,3,1,0,0,6,5,9,10,2,2
1362,1362,1,0,0,4,5,0,0,1,6,1,0,3,1,5,3,5,2
1363,1363,5,0,0,4,1,1,1,2,6,0,0,10,9,6,6,3,2
1364,1364,7,1,1,4,3,0,2,0,1,1,0,5,10,6,1,10,2
1365,1365,6,0,0,4,7,1,0,3,6,0,0,7,3,1,10,4,2
1366,1366,10,2,1,4,8,0,0,1,5,1,2,1,1,9,5,7,2
1367,1367,7,1,0,4,4,1,2,2,4,0,0,5,4,4,10,2,2
1368,1368,1,0,0,4,5,0,0,0,1,1,0,1,3,6,4,6,2
1369,1369,4,0,0,4,9,1,1,3,4,0,0,4,5,7,2,1,2
1370,1370,7,1,0,4,4,0,2,1,4,1,0,4,6,1,4,10,2
1371,1371,5,0,0,4,7,1,0,2,6,0,0,2,7,8,5,1,2
1372,1372,6,0,0,4,6,0,1,0,7,1,0,4,1,4,1,1,2
1373,1373,8,1,0,4,8,1,2,3,2,0,0,5,3,6,5,7,2
1374,1374,10,2,1,4,4,0,0,1,10,1,2,10,8,3,1,9,2
1375,1375,7,1,0,4,1,1,1,2,3,0,2,5,10,6,9,3,2
1376,1376,7,1,0,4,1,0,2,0,5,1,0,5,4,5,9,9,2
1377,1377,10,2,0,4,7,0,0,3,7,0,2,10,5,3,7,10,2
1378,1378,1,0,0,4,2,0,1,1,5,1,0,9,8,9,8,1,2
1379,1379,7,1,0,4,5,1,2,2,1,0,0,5,8,3,6,6,2
1380,1380,0,0,0,4,9,0,0,0,7,1,0,1,10,4,3,3,2
1381,1381,8,1,0,4,1,1,1,3,5,0,2,9,10,4,4,7,2
1382,1382,7,1,0,4,2,0,2,1,2,1,0,8,5,1,7,9,2
1383,1383,6,0,0,4,5,1,0,2,1,0,0,6,2,3,6,4,2
1384,1384,0,0,0,4,8,0,1,0,7,1,0,9,7,1,9,4,2
1385,1385,7,1,0,4,1,1,2,3,1,0,0,6,6,10,2,5,2
1386,1386,5,0,0,4,9,0,0,1,3,1,0,3,8,5,6,4,2
1387,1387,2,0,0,4,2,1,1,2,7,0,0,8,3,7,1,6,2
1388,1388,7,1,0,4,10,0,2,0,2,1,0,5,1,7,5,10,2
1389,1389,10,2,0,4,6,0,0,3,9,0,2,7,9,10,5,9,2
1390,1390,5,0,0,4,6,0,1,1,4,1,0,3,9,2,6,1,2
1391,1391,10,2,0,4,6,0,0,2,8,0,2,1,6,3,5,7,2
1392,1392,3,0,0,4,4,0,0,0,2,1,0,5,4,6,6,1,2
1393,1393,1,0,0,4,8,1,1,3,2,0,0,1,4,6,6,5,2
1394,1394,7,1,1,4,4,0,2,1,5,1,0,5,10,4,6,5,2
1395,1395,10,2,0,4,5,0,0,2,8,0,2,8,8,6,7,8,2
1396,1396,4,0,0,4,9,0,1,0,1,1,0,10,9,8,3,3,2
1397,1397,7,1,0,4,6,1,2,3,1,0,0,4,3,3,6,2,2
1398,1398,2,0,0,4,3,0,0,1,6,1,0,5,3,6,8,2,2
1399,1399,7,1,0,4,5,1,1,2,3,0,2,8,9,10,1,10,2
1400,1400,7,1,0,4,10,0,2,0,4,1,0,7,8,4,3,2,2
1401,1401,7,1,0,4,3,1,0,3,6,0,1,4,7,8,9,1,2
1402,1402,1,0,0,4,7,0,1,1,4,1,0,8,7,7,1,4,2
1403,1403,7,1,0,4,1,1,2,2,2,0,0,6,1,8,4,10,2
1404,1404,8,1,1,4,5,0,0,0,4,1,1,4,6,5,1,9,2
1405,1405,1,0,0,4,4,1,1,3,2,0,0,5,2,3,5,4,2
1406,1406,7,1,0,4,8,0,2,1,4,1,0,6,1,5,9,8,2
1407,1407,9,2,0,4,5,0,0,2,7,0,2,8,2,2,4,8,2
1408,1408,9,2,1,4,9,0,0,0,7,1,2,3,3,5,6,8,2
1409,1409,7,1,0,4,6,1,2,3,2,0,0,8,5,7,4,8,2
1410,1410,8,1,1,4,8,0,0,1,6,1,1,4,1,7,2,7,2
1411,1411,8,1,0,4,2,1,1,2,6,0,2,4,4,4,5,10,2
1412,1412,10,2,1,4,7,0,1,0,8,1,2,1,7,1,1,10,2
1413,1413,5,0,0,4,9,1,0,3,1,0,0,9,9,10,10,1,2
1414,1414,0,0,0,4,4,0,1,1,3,1,0,4,2,2,4,6,2
1415,1415,10,2,0,4,7,0,0,2,8,0,2,9,7,9,5,10,2
1416,1416,3,0,0,4,8,0,0,0,1,1,0,4,8,6,10,4,2
1417,1417,5,0,0,4,8,1,1,3,7,0,0,5,2,7,3,4,2
1418,1418,10,2,1,4,10,0,0,1,10,1,2,4,1,4,2,10,2
1419,1419,9,2,0,4,6,0,0,2,9,0,2,9,7,2,8,8,2
1420,1420,6,0,0,4,9,0,1,0,6,1,0,3,1,4,4,5,2
1421,1421,7,1,0,4,10,1,2,3,1,0,0,5,3,10,7,10,2
1422,1422,7,1,1,4,3,0,0,1,3,1,1,4,4,1,5,5,2
1423,1423,8,1,0,4,2,1,1,2,7,0,2,3,4,10,10,5,2
1424,1424,7,1,0,4,6,0,2,0,4,1,0,6,5,4,5,7,2
1425,1425,1,0,0,4,5,1,0,3,7,0,0,6,1,10,7,6,2
1426,1426,2,0,0,4,7,0,1,1,5,1,0,8,9,3,7,4,2
1427,1427,7,1,0,4,4,1,2,2,5,0,0,8,4,6,10,10,2
1428,1428,7,1,1,4,8,0,0,0,6,1,1,4,6,5,9,5,2
1429,1429,6,0,0,4,3,1,1,3,7,0,0,5,5,2,2,2,2
1430,1430,7,1,1,4,8,0,2,1,7,1,0,6,6,2,1,5,2
1431,1431,6,0,0,4,2,1,0,2,1,0,0,9,10,9,3,4,2
1432,1432,5,0,0,4,3,0,1,0,2,1,0,4,10,10,3,4,2
1433,1433,10,2,0,4,7,0,0,3,7,0,2,5,9,3,1,9,2
1434,1434,7,1,1,4,10,0,0,1,2,1,1,1,10,10,7,8,2
1435,1435,1,0,0,4,1,1,1,2,2,0,0,2,9,8,4,6,2
1436,1436,7,1,0,4,6,0,2,0,6,1,0,4,9,4,9,4,2
1437,1437,10,2,0,4,5,0,1,3,6,0,2,4,6,7,1,10,2
1438,1438,4,0,0,4,6,0,1,1,5,1,0,8,5,4,3,3,2
1439,1439,8,1,0,4,2,1,2,2,4,0,0,7,1,5,2,5,2
1440,1440,6,0,0,4,10,0,0,0,5,1,0,8,2,4,2,6,2
1441,1441,10,2,0,4,7,0,0,3,7,0,2,8,1,6,3,10,2
1442,1442,7,1,1,4,3,0,2,1,1,1,0,4,4,8,2,4,2
1443,1443,3,0,0,4,9,1,0,2,3,0,0,8,2,9,9,1,2
1444,1444,0,0,0,4,6,0,1,0,4,1,0,10,2,8,10,6,2
1445,1445,7,1,0,4,1,1,2,3,1,0,0,4,1,7,9,10,2
1446,1446,9,2,1,4,1,0,0,1,7,1,2,5,2,10,8,9,2
1447,1447,0,0,0,4,8,1,1,2,4,0,0,1,10,5,5,5,2
1448,1448,9,2,1,4,8,0,0,0,5,1,2,8,4,5,5,7,2
1449,1449,6,0,0,4,1,1,0,3,4,0,0,8,5,4,5,3,2
1450,1450,6,0,0,4,9,0,1,1,7,1,0,1,9,4,5,6,2
1451,1451,9,2,0,4,7,0,0,2,8,0,2,2,1,1,9,10,2
1452,1452,10,2,1,4,2,0,0,0,5,1,2,6,9,4,9,9,2
1453,1453,8,1,0,4,4,1,1,3,3,0,2,4,7,6,7,7,2
1454,1454,7,1,1,4,6,0,2,1,5,1,0,4,5,6,2,1,2
1455,1455,9,2,0,4,5,0,0,2,9,0,2,5,6,5,9,8,2
1456,1456,4,0,0,4,5,0,1,0,5,1,0,10,5,4,6,5,2
1457,1457,7,1,0,4,4,1,2,3,5,0,0,8,6,5,5,8,2
1458,1458,8,1,1,4,5,0,0,1,6,1,1,4,10,2,8,8,2
1459,1459,7,1,0,4,5,1,1,2,6,0,2,8,6,8,4,3,2
1460,1460,7,1,0,4,4,0,2,0,6,1,0,6,4,2,9,4,2
1461,1461,7,1,0,4,10,1,0,3,5,0,1,4,3,9,8,1,2
1462,1462,7,1,1,4,8,0,1,1,3,1,2,2,10,7,9,6,2
1463,1463,7,1,0,4,1,1,2,2,7,0,0,5,10,9,9,10,2
1464,1464,9,2,1,4,3,0,0,0,6,1,2,5,7,3,9,7,2
1465,1465,8,1,0,4,1,1,1,3,4,0,2,7,5,7,10,8,2
1466,1466,7,1,0,4,7,0,2,1,5,1,0,7,6,7,4,1,2
1467,1467,0,0,0,4,7,1,0,2,1,0,0,7,2,8,9,4,2
1468,1468,9,2,1,4,4,0,0,0,9,1,2,10,2,8,1,10,2
1469,1469,7,1,0,4,6,1,2,3,2,0,0,7,10,9,3,5,2
1470,1470,9,2,1,4,9,0,0,1,9,1,2,1,7,4,1,10,2
1471,1471,6,0,0,4,2,1,1,2,4,0,0,6,6,9,5,6,2
1472,1472,7,1,0,4,1,0,2,0,4,1,0,5,3,5,7,2,2
1473,1473,10,2,0,4,6,0,0,3,6,0,2,4,9,6,2,10,2
1474,1474,7,1,1,4,9,0,1,1,4,1,2,1,3,2,4,6,2
1475,1475,8,1,0,4,9,1,2,2,5,0,0,6,3,3,6,7,2
1476,1476,7,1,1,4,2,0,0,0,4,1,1,5,1,4,2,3,2
1477,1477,1,0,0,4,3,1,1,3,2,0,0,9,6,7,2,4,2
1478,1478,8,1,1,4,4,0,2,1,2,1,0,4,4,2,3,5,2
1479,1479,3,0,0,4,6,1,0,2,7,0,0,8,2,8,7,3,2
1480,1480,2,0,0,4,2,0,1,0,3,1,0,8,1,10,2,4,2
1481,1481,9,2,0,4,7,0,0,3,7,0,2,1,10,10,5,9,2
1482,1482,8,1,1,4,4,0,0,1,7,1,1,10,4,1,5,3,2
1483,1483,9,2,0,4,5,0,0,2,6,0,2,2,4,7,9,9,2
1484,1484,7,1,0,4,1,0,2,0,6,1,0,7,7,5,2,7,2
1485,1485,4,0,0,4,5,1,0,3,5,0,0,6,3,4,9,6,2
1486,1486,1,0,0,4,1,0,1,1,2,1,0,7,2,10,5,4,2
1487,1487,9,2,0,4,5,0,0,2,9,0,2,10,6,2,1,8,2
1488,1488,2,0,0,4,2,0,0,0,7,1,0,7,10,5,8,2,2
1489,1489,6,0,0,4,3,1,1,3,1,0,0,6,1,6,4,4,2
1490,1490,8,1,1,4,7,0,2,1,3,1,0,8,6,5,2,9,2
1491,1491,1,0,0,4,6,1,0,2,7,0,0,10,8,10,1,2,2
1492,1492,2,0,0,4,2,0,1,0,5,1,0,4,1,2,5,5,2
1493,1493,7,1,0,4,1,1,2,3,1,0,0,7,4,3,6,3,2
1494,1494,1,0,0,4,5,0,0,1,3,1,0,3,4,10,2,4,2
1495,1495,0,0,0,4,9,1,1,2,3,0,0,3,7,6,8,2,2
1496,1496,7,1,1,4,1,0,2,0,7,1,0,6,5,5,1,1,2
1497,1497,7,1,0,4,5,1,0,3,4,0,1,1,10,6,5,2,2
1498,1498,7,1,1,4,10,0,1,1,1,1,2,3,3,6,8,9,2
1499,1499,7,1,0,4,7,1,2,2,5,0,0,5,1,4,4,5,2
1500,1500,1,0,0,4,3,0,0,0,7,1,0,10,4,4,7,6,2
1501,1501,3,0,0,4,1,1,1,3,3,0,0,1,1,7,1,5,2
1502,1502,10,2,1,4,2,0,0,1,7,1,2,2,9,5,7,10,2
1503,1503,10,2,0,4,5,0,0,2,5,0,2,3,3,3,8,7,2
1504,1504,1,0,0,4,4,0,1,0,2,1,0,10,7,6,5,4,2
1505,1505,7,1,0,4,6,1,2,3,3,0,0,6,9,8,4,4,2
1506,1506,3,0,0,4,1,0,0,1,6,1,0,6,5,3,1,6,2
1507,1507,5,0,0,4,6,1,1,2,1,0,0,5,5,6,4,3,2
1508,1508,7,1,0,4,7,0,2,0,4,1,0,6,6,5,8,8,2
1509,1509,5,0,0,4,9,1,0,3,1,0,0,1,9,9,5,3,2
1510,1510,4,0,0,4,7,0,1,1,5,1,0,9,5,10,1,3,2
1511,1511,7,1,0,4,10,1,2,2,6,0,0,6,8,4,7,6,2
1512,1512,3,0,0,4,8,0,0,0,5,1,0,3,3,10,2,1,2
1513,1513,4,0,0,4,4,1,1,3,7,0,0,4,4,9,4,1,2
1514,1514,7,1,0,4,1,0,2,1,3,1,0,4,9,3,1,4,2
1515,1515,0,0,0,4,9,1,0,2,4,0,0,2,1,1,1,3,2
1516,1516,3,0,0,4,10,0,1,0,6,1,0,4,10,4,1,4,2
1517,1517,7,1,0,4,6,1,2,3,7,0,0,6,6,8,8,9,2
1518,1518,6,0,0,4,6,0,0,1,5,1,0,2,10,7,4,6,2
1519,1519,10,2,0,4,6,0,0,2,6,0,2,4,7,2,9,7,2
1520,1520,7,1,0,4,7,0,2,0,6,1,0,6,9,4,1,3,2
1521,1521,8,1,0,4,3,1,0,3,2,0,1,8,8,4,5,3,2
1522,1522,6,0,0,4,2,0,1,1,5,1,0,7,10,5,5,5,2
1523,1523,10,2,0,4,7,0,0,2,9,0,2,7,5,9,8,7,2
1524,1524,5,0,0,4,2,0,0,0,3,1,0,5,3,6,8,1,2
1525,1525,2,0,0,4,10,1,1,3,6,0,0,3,1,6,1,5,2
1526,1526,7,1,0,4,2,0,2,1,7,1,0,6,1,8,6,5,2
1527,1527,7,1,0,4,8,1,0,2,6,0,1,6,3,2,10,3,2
1528,1528,5,0,0,4,1,0,1,0,3,1,0,10,7,8,1,3,2
1529,1529,7,1,0,4,9,1,2,3,6,0,0,6,10,2,9,2,2
1530,1530,1,0,0,4,2,0,0,1,2,1,0,10,9,7,8,1,2
1531,1531,5,0,0,4,3,1,1,2,3,0,0,8,9,4,10,6,2
1532,1532,7,1,0,4,5,0,2,0,2,1,0,6,2,3,1,10,2
1533,1533,10,2,0,4,5,0,0,3,6,0,2,1,1,8,4,9,2
1534,1534,8,1,1,4,9,0,1,1,5,1,2,7,4,10,6,10,2
1535,1535,7,1,0,4,1,1,2,2,4,0,0,4,1,5,8,10,2
1536,1536,7,1,1,4,9,0,0,0,2,1,1,8,6,5,4,9,2
1537,1537,7,1,0,4,3,1,1,3,3,0,2,9,10,8,10,2,2
1538,1538,9,2,1,4,2,0,0,1,7,1,2,9,1,3,6,7,2
1539,1539,4,0,0,4,7,1,0,2,5,0,0,1,4,3,6,2,2
1540,1540,1,0,0,4,6,0,1,0,7,1,0,4,2,2,1,3,2
1541,1541,7,1,0,4,1,1,2,3,3,0,0,4,1,4,4,3,2
1542,1542,10,2,1,4,2,0,0,1,8,1,2,6,8,8,9,7,2
1543,1543,1,0,0,4,10,1,1,2,2,0,0,10,9,8,1,1,2
1544,1544,7,1,0,4,8,0,2,0,6,1,0,6,4,3,2,3,2
1545,1545,6,0,0,4,7,1,0,3,6,0,0,8,7,5,2,3,2
1546,1546,10,2,1,4,8,0,0,1,8,1,2,7,5,4,5,10,2
1547,1547,7,1,0,4,5,1,2,2,3,0,0,7,7,8,7,4,2
1548,1548,2,0,0,4,7,0,0,0,4,1,0,9,1,9,5,2,2
1549,1549,9,2,0,4,7,0,0,3,6,0,2,1,7,3,7,9,2
1550,1550,7,1,0,4,7,0,2,1,2,1,0,7,2,10,5,9,2
1551,1551,1,0,0,4,9,1,0,2,7,0,0,1,4,7,5,5,2
1552,1552,0,0,0,4,6,0,1,0,2,1,0,9,4,3,1,1,2
1553,1553,7,1,0,4,3,1,2,3,1,0,0,6,9,9,5,4,2
1554,1554,4,0,0,4,9,0,0,1,5,1,0,4,10,8,5,3,2
1555,1555,8,1,0,4,8,1,1,2,6,0,2,2,5,8,7,7,2
1556,1556,10,2,1,4,9,0,0,0,7,1,2,10,9,5,1,7,2
1557,1557,8,1,0,4,7,1,0,3,6,0,1,3,4,5,3,5,2
1558,1558,1,0,0,4,4,0,1,1,4,1,0,9,1,1,2,2,2
1559,1559,7,1,0,4,3,1,2,2,4,0,0,6,6,9,6,3,2
1560,1560,9,2,1,4,8,0,0,0,10,1,2,4,6,5,5,8,2
1561,1561,2,0,0,4,7,1,1,3,2,0,0,9,9,6,9,6,2
1562,1562,7,1,0,4,9,0,2,1,4,1,0,5,6,2,8,4,2
1563,1563,7,1,0,4,4,1,0,2,5,0,1,5,3,3,4,10,2
1564,1564,7,1,1,4,7,0,1,0,6,1,2,9,10,6,8,2,2
1565,1565,7,1,0,4,7,1,2,3,4,0,0,5,5,5,9,9,2
1566,1566,4,0,0,4,9,0,0,1,6,1,0,10,5,9,7,1,2
1567,1567,1,0,0,4,8,1,1,2,5,0,0,8,9,2,5,5,2
1568,1568,7,1,0,4,4,0,2,0,4,1,0,7,10,7,6,4,2
1569,1569,8,1,0,4,9,1,0,3,1,0,1,7,9,2,8,6,2
1570,1570,8,1,1,4,6,0,1,1,7,1,2,7,8,1,8,6,2
1571,1571,7,1,0,4,9,1,2,2,1,0,0,4,10,9,8,7,2
1572,1572,1,0,0,4,7,0,0,0,4,1,0,2,3,3,9,2,2
1573,1573,0,0,0,4,8,1,1,3,1,0,0,1,9,10,10,1,2
1574,1574,7,1,1,4,2,0,2,1,6,1,0,8,5,5,1,7,2
1575,1575,4,0,0,4,6,1,0,2,6,0,0,10,1,1,2,2,2
1576,1576,3,0,0,4,9,0,1,0,5,1,0,8,6,4,1,5,2
1577,1577,7,1,0,4,1,1,2,3,3,0,0,8,5,7,2,9,2
1578,1578,1,0,0,4,9,0,0,1,7,1,0,3,4,3,2,4,2
1579,1579,3,0,0,4,9,1,1,2,3,0,0,10,5,9,6,4,2
1580,1580,7,1,0,4,1,0,2,0,7,1,0,8,2,5,10,5,2
1581,1581,10,2,0,4,5,0,0,3,7,0,2,7,8,4,1,9,2
1582,1582,5,0,0,4,2,0,1,1,3,1,0,8,7,4,8,6,2
1583,1583,9,2,0,4,5,0,0,2,7,0,2,8,2,3,6,7,2
1584,1584,8,1,1,4,10,0,0,0,5,1,1,8,3,9,5,7,2
1585,1585,7,1,0,4,10,1,1,3,5,0,2,4,5,5,4,7,2
1586,1586,7,1,0,4,7,0,2,1,2,1,0,4,3,5,1,1,2
1587,1587,4,0,0,4,7,1,0,2,3,0,0,10,10,2,4,2,2
1588,1588,0,0,0,4,10,0,1,0,7,1,0,4,9,1,4,2,2
1589,1589,7,1,0,4,7,1,2,3,7,0,0,5,8,2,5,2,2
1590,1590,5,0,0,4,7,0,0,1,7,1,0,3,5,10,2,4,2
1591,1591,0,0,0,4,5,1,1,2,3,0,0,1,4,1,1,4,2
1592,1592,9,2,1,4,5,0,0,0,6,1,2,8,6,2,1,7,2
1593,1593,2,0,0,4,6,1,0,3,4,0,0,4,2,9,4,4,2
1594,1594,4,0,0,4,1,0,1,1,7,1,0,6,5,7,8,1,2
1595,1595,7,1,0,4,6,1,2,2,4,0,0,7,10,9,9,5,2
1596,1596,0,0,0,4,8,0,0,0,3,1,0,6,3,1,7,5,2
1597,1597,4,0,0,4,1,1,1,3,3,0,0,6,4,6,1,6,2
1598,1598,7,1,0,4,1,0,2,1,2,1,0,6,1,5,3,6,2
1599,1599,10,2,0,4,6,0,0,2,9,0,2,10,4,6,3,7,2
1600,1600,0,0,0,4,5,0,1,0,5,1,0,8,1,1,5,5,2
1601,1601,10,2,0,4,5,0,0,3,5,0,2,7,6,9,5,8,2
1602,1602,8,1,1,4,9,0,0,1,6,1,1,3,10,4,1,5,2
1603,1603,5,0,0,4,8,1,1,2,5,0,0,2,2,7,10,1,2
1604,1604,7,1,0,4,10,0,2,0,7,1,0,5,10,4,1,3,2
1605,1605,5,0,0,4,8,1,0,3,1,0,0,7,7,6,5,4,2
1606,1606,2,0,0,4,7,0,1,1,6,1,0,2,5,6,6,5,2
1607,1607,7,1,0,4,1,1,2,2,6,0,0,4,7,8,4,3,2
1608,1608,5,0,0,4,2,0,0,0,5,1,0,3,2,3,2,6,2
1609,1609,7,1,0,4,5,1,1,3,3,0,2,8,3,5,1,9,2
1610,1610,7,1,1,4,3,0,2,1,6,1,0,7,5,2,1,5,2
1611,1611,10,2,0,4,7,0,0,2,9,0,2,1,6,5,5,9,2
1612,1612,9,2,1,4,2,0,0,0,10,1,2,7,6,2,10,10,2
1613,1613,7,1,0,4,1,1,2,3,5,0,0,8,8,7,4,8,2
1614,1614,5,0,0,4,6,0,0,1,3,1,0,5,1,6,2,4,2
1615,1615,1,0,0,4,3,1,1,2,2,0,0,8,1,6,10,1,2
1616,1616,7,1,0,4,8,0,2,0,1,1,0,8,8,6,10,7,2
1617,1617,3,0,0,4,5,1,0,3,1,0,0,7,7,8,10,3,2
1618,1618,3,0,0,4,5,0,1,1,2,1,0,4,2,5,9,1,2
1619,1619,7,1,0,4,4,1,2,2,7,0,0,5,8,8,6,2,2
1620,1620,2,0,0,4,8,0,0,0,4,1,0,1,6,10,4,4,2
1621,1621,2,0,0,4,4,1,1,3,5,0,0,4,5,9,9,6,2
1622,1622,7,1,0,4,1,0,2,1,5,1,0,8,7,9,9,7,2
1623,1623,9,2,0,4,6,0,0,2,5,0,2,8,8,5,8,10,2
1624,1624,2,0,0,4,4,0,1,0,1,1,0,8,4,6,7,6,2
1625,1625,7,1,0,4,1,1,2,3,6,0,0,5,7,5,9,6,2
1626,1626,10,2,1,4,5,0,0,1,9,1,2,9,2,9,1,7,2
1627,1627,9,2,0,4,7,1,0,2,9,0,2,4,3,4,3,10,2
1628,1628,7,1,0,4,5,0,2,0,4,1,0,4,1,5,10,6,2
1629,1629,9,2,0,4,7,0,0,3,7,0,2,9,4,6,2,10,2
1630,1630,7,1,1,4,8,0,1,1,6,1,2,3,2,2,1,2,2
1631,1631,7,1,0,4,9,1,2,2,1,0,0,7,3,5,3,8,2
1632,1632,9,2,1,4,2,0,0,0,9,1,2,7,4,4,10,8,2
1633,1633,6,0,0,4,9,1,1,3,1,0,0,3,9,8,9,6,2
1634,1634,7,1,0,4,9,0,2,1,5,1,0,6,10,2,8,1,2
1635,1635,7,1,0,4,7,1,0,2,5,0,1,8,7,1,9,7,2
1636,1636,2,0,0,4,2,0,1,0,1,1,0,2,8,10,9,3,2
1637,1637,7,1,1,4,5,1,2,3,4,0,0,5,4,10,4,10,2
1638,1638,6,0,0,4,6,0,0,1,6,1,0,6,8,3,2,5,2
1639,1639,1,0,0,4,6,1,1,2,3,0,0,8,8,9,8,3,2
1640,1640,7,1,0,4,6,0,2,0,2,1,0,5,10,2,10,5,2
1641,1641,2,0,0,4,3,1,0,3,4,0,0,3,7,6,3,5,2
1642,1642,4,0,0,4,6,0,1,1,6,1,0,9,9,3,2,5,2
1643,1643,10,2,0,4,7,0,0,2,5,0,2,8,9,7,10,10,2
1644,1644,0,0,0,4,10,0,0,0,2,1,0,8,8,5,6,5,2
1645,1645,3,0,0,4,7,1,1,3,4,0,0,7,1,2,2,1,2
1646,1646,8,1,1,4,1,0,2,1,5,1,0,6,3,1,4,7,2
1647,1647,4,0,0,4,9,1,0,2,1,0,0,8,9,4,3,6,2
1648,1648,3,0,0,4,7,0,1,0,7,1,0,10,10,3,8,4,2
1649,1649,7,1,0,4,4,1,2,3,2,0,0,5,8,3,9,10,2
1650,1650,8,1,1,4,5,0,0,1,7,1,1,9,3,9,5,3,2
1651,1651,6,0,0,4,9,1,1,2,2,0,0,8,5,9,5,2,2
1652,1652,7,1,0,4,5,0,2,0,3,1,0,7,9,3,5,6,2
1653,1653,10,2,0,4,7,0,0,3,5,0,2,10,6,6,1,10,2
1654,1654,4,0,0,4,9,0,1,1,1,1,0,2,6,9,8,4,2
1655,1655,10,2,0,4,5,1,0,2,5,0,2,1,8,3,2,8,2
1656,1656,5,0,0,4,2,0,0,0,5,1,0,6,5,8,3,6,2
1657,1657,2,0,0,4,2,1,1,3,3,0,0,3,2,9,3,6,2
1658,1658,9,2,1,4,8,0,0,1,5,1,2,10,5,8,3,8,2
1659,1659,5,0,0,4,1,1,0,2,3,0,0,4,6,2,2,1,2
1660,1660,10,2,1,4,7,0,0,0,5,1,0,6,3,2,4,7,2
1661,1661,7,1,0,4,5,1,2,3,3,0,0,8,9,2,10,2,2
1662,1662,7,1,1,4,10,0,0,1,5,1,1,1,1,4,1,10,2
1663,1663,9,2,0,4,7,0,0,2,5,0,2,6,5,10,7,9,2
1664,1664,7,1,0,4,10,0,2,0,3,1,0,5,1,8,3,9,2
1665,1665,2,0,0,4,4,1,0,3,1,0,0,2,9,1,4,3,2
1666,1666,5,0,0,4,5,0,1,1,2,1,0,9,4,10,8,3,2
1667,1667,7,1,0,4,2,1,2,2,6,0,0,6,8,4,9,1,2
1668,1668,9,2,1,4,6,0,0,0,6,1,2,3,3,1,4,10,2
1669,1669,2,0,0,4,3,1,1,3,4,0,0,4,9,5,1,2,2
1670,1670,7,1,0,4,9,0,2,1,4,1,0,5,9,1,9,3,2
1671,1671,0,0,0,4,6,1,0,2,6,0,0,9,1,3,5,4,2
1672,1672,1,0,0,4,7,0,1,0,6,1,0,8,3,10,6,5,2
1673,1673,7,1,0,4,7,1,2,3,2,0,0,7,8,10,8,2,2
1674,1674,10,2,1,4,7,0,0,1,10,1,2,10,1,8,1,10,2
1675,1675,0,0,0,4,3,1,1,2,6,0,0,8,8,2,5,3,2
1676,1676,7,1,1,4,1,0,2,0,2,1,0,6,9,5,2,7,2
1677,1677,0,0,0,4,6,1,0,3,6,0,0,4,1,7,9,3,2
1678,1678,7,1,1,4,8,0,1,1,3,1,2,7,1,4,10,2,2
1679,1679,7,1,0,4,6,1,2,2,3,0,0,5,8,7,6,2,2
1680,1680,3,0,0,4,10,0,0,0,2,1,0,10,6,5,3,6,2
1681,1681,5,0,0,4,2,1,1,3,7,0,0,5,6,10,3,2,2
1682,1682,10,2,1,4,8,0,0,1,5,1,2,10,3,10,5,7,2
1683,1683,9,2,1,4,7,0,0,2,8,0,0,3,7,1,1,8,2
1684,1684,6,0,0,4,6,0,1,0,2,1,0,6,1,7,8,2,2
1685,1685,7,1,1,4,9,1,2,3,7,0,0,7,8,6,8,4,2
1686,1686,1,0,0,4,6,0,0,1,5,1,0,10,6,2,10,5,2
1687,1687,3,0,0,4,6,1,1,2,1,0,0,3,2,3,5,5,2
1688,1688,7,1,0,4,2,0,2,0,7,1,0,5,1,10,10,3,2
1689,1689,10,2,0,4,6,0,0,3,10,0,2,7,2,1,1,9,2
1690,1690,8,1,1,4,6,0,1,1,2,1,2,5,10,9,4,2,2
1691,1691,7,1,0,4,10,1,2,2,3,0,0,7,10,1,4,2,2
1692,1692,7,1,1,4,1,0,0,0,1,1,1,2,8,7,2,2,2
1693,1693,7,1,0,4,8,1,1,3,5,0,2,9,5,7,1,1,2
1694,1694,7,1,0,4,10,0,2,1,1,1,0,6,1,6,9,1,2
1695,1695,1,0,0,4,6,1,0,2,2,0,0,10,2,5,9,3,2
1696,1696,6,0,0,4,2,0,1,0,3,1,0,9,10,6,3,2,2
1697,1697,8,1,1,4,5,1,2,3,1,0,0,5,7,3,6,8,2
1698,1698,0,0,0,4,2,0,0,1,1,1,0,10,3,8,2,2,2
1699,1699,1,0,0,4,3,1,1,2,7,0,0,2,3,10,5,5,2
1700,1700,7,1,0,4,3,0,2,0,2,1,0,4,2,10,8,8,2
1701,1701,3,0,0,4,7,1,0,3,7,0,0,7,7,5,7,4,2
1702,1702,2,0,0,4,10,0,1,1,5,1,0,1,10,6,2,6,2
1703,1703,7,1,1,4,4,1,2,2,7,0,0,7,10,6,10,6,2
1704,1704,5,0,0,4,3,0,0,0,3,1,0,6,2,7,8,5,2
1705,1705,2,0,0,4,5,1,1,3,6,0,0,9,10,7,6,3,2
